INFO:     Started server process [11008]
INFO:     Waiting for application startup.
INFO:     Application startup complete.
INFO:     Uvicorn running on http://0.0.0.0:8001 (Press CTRL+C to quit)
Execution of job "PipelineRunner.run_schedule_pipeline (trigger: interval[0:05:00], next run at: 2026-09-03 18:04:53 IST)" skipped: maximum number of running instances reached (1)
Execution of job "PipelineRunner.run_schedule_pipeline (trigger: interval[0:05:00], next run at: 2026-09-03 18:09:53 IST)" skipped: maximum number of running instances reached (1)
Execution of job "PipelineRunner.run_schedule_pipeline (trigger: interval[0:05:00], next run at: 2026-09-03 18:14:53 IST)" skipped: maximum number of running instances reached (1)
Execution of job "PipelineRunner.run_schedule_pipeline (trigger: interval[0:05:00], next run at: 2026-09-03 18:19:53 IST)" skipped: maximum number of running instances reached (1)
Execution of job "PipelineRunner.run_schedule_pipeline (trigger: interval[0:05:00], next run at: 2026-09-03 18:24:53 IST)" skipped: maximum number of running instances reached (1)
Execution of job "PipelineRunner.run_schedule_pipeline (trigger: interval[0:05:00], next run at: 2026-09-03 18:29:53 IST)" skipped: maximum number of running instances reached (1)
Execution of job "PipelineRunner.run_schedule_pipeline (trigger: interval[0:05:00], next run at: 2026-09-03 18:34:53 IST)" skipped: maximum number of running instances reached (1)
Execution of job "PipelineRunner.run_schedule_pipeline (trigger: interval[0:05:00], next run at: 2026-09-03 18:39:53 IST)" skipped: maximum number of running instances reached (1)
Execution of job "PipelineRunner.run_schedule_pipeline (trigger: interval[0:05:00], next run at: 2026-09-03 18:44:53 IST)" skipped: maximum number of running instances reached (1)
Execution of job "PipelineRunner.run_schedule_pipeline (trigger: interval[0:05:00], next run at: 2026-09-03 18:49:53 IST)" skipped: maximum number of running instances reached (1)
Execution of job "PipelineRunner.run_schedule_pipeline (trigger: interval[0:05:00], next run at: 2026-09-03 18:54:53 IST)" skipped: maximum number of running instances reached (1)
Execution of job "PipelineRunner.run_schedule_pipeline (trigger: interval[0:05:00], next run at: 2026-09-03 18:59:53 IST)" skipped: maximum number of running instances reached (1)
Execution of job "PipelineRunner.run_schedule_pipeline (trigger: interval[0:05:00], next run at: 2026-09-03 19:04:53 IST)" skipped: maximum number of running instances reached (1)
Execution of job "PipelineRunner.run_schedule_pipeline (trigger: interval[0:05:00], next run at: 2026-09-03 19:09:53 IST)" skipped: maximum number of running instances reached (1)
Execution of job "PipelineRunner.run_schedule_pipeline (trigger: interval[0:05:00], next run at: 2026-09-03 19:14:53 IST)" skipped: maximum number of running instances reached (1)
Execution of job "PipelineRunner.run_schedule_pipeline (trigger: interval[0:05:00], next run at: 2026-09-03 19:19:53 IST)" skipped: maximum number of running instances reached (1)
Execution of job "PipelineRunner.run_schedule_pipeline (trigger: interval[0:05:00], next run at: 2026-09-03 19:24:53 IST)" skipped: maximum number of running instances reached (1)
Execution of job "PipelineRunner.run_schedule_pipeline (trigger: interval[0:05:00], next run at: 2026-09-03 19:29:53 IST)" skipped: maximum number of running instances reached (1)
Execution of job "PipelineRunner.run_schedule_pipeline (trigger: interval[0:05:00], next run at: 2026-09-03 19:34:53 IST)" skipped: maximum number of running instances reached (1)
Execution of job "PipelineRunner.run_schedule_pipeline (trigger: interval[0:05:00], next run at: 2026-09-03 19:39:53 IST)" skipped: maximum number of running instances reached (1)
Execution of job "PipelineRunner.run_schedule_pipeline (trigger: interval[0:05:00], next run at: 2026-09-03 19:44:53 IST)" skipped: maximum number of running instances reached (1)
Execution of job "PipelineRunner.run_schedule_pipeline (trigger: interval[0:05:00], next run at: 2026-09-03 19:49:53 IST)" skipped: maximum number of running instances reached (1)
Execution of job "PipelineRunner.run_schedule_pipeline (trigger: interval[0:05:00], next run at: 2026-09-03 19:54:53 IST)" skipped: maximum number of running instances reached (1)
Execution of job "PipelineRunner.run_schedule_pipeline (trigger: interval[0:05:00], next run at: 2026-09-03 19:59:53 IST)" skipped: maximum number of running instances reached (1)
Execution of job "PipelineRunner.run_schedule_pipeline (trigger: interval[0:05:00], next run at: 2026-09-03 20:04:53 IST)" skipped: maximum number of running instances reached (1)
Execution of job "PipelineRunner.run_schedule_pipeline (trigger: interval[0:05:00], next run at: 2026-09-03 20:09:53 IST)" skipped: maximum number of running instances reached (1)
Execution of job "PipelineRunner.run_schedule_pipeline (trigger: interval[0:05:00], next run at: 2026-09-03 20:14:53 IST)" skipped: maximum number of running instances reached (1)
Execution of job "PipelineRunner.run_schedule_pipeline (trigger: interval[0:05:00], next run at: 2026-09-03 20:19:53 IST)" skipped: maximum number of running instances reached (1)
Execution of job "PipelineRunner.run_schedule_pipeline (trigger: interval[0:05:00], next run at: 2026-09-03 20:24:53 IST)" skipped: maximum number of running instances reached (1)
Execution of job "PipelineRunner.run_schedule_pipeline (trigger: interval[0:05:00], next run at: 2026-09-03 20:29:53 IST)" skipped: maximum number of running instances reached (1)
Execution of job "PipelineRunner.run_schedule_pipeline (trigger: interval[0:05:00], next run at: 2026-09-03 20:34:53 IST)" skipped: maximum number of running instances reached (1)
Execution of job "PipelineRunner.run_schedule_pipeline (trigger: interval[0:05:00], next run at: 2026-09-03 20:39:53 IST)" skipped: maximum number of running instances reached (1)
Execution of job "PipelineRunner.run_schedule_pipeline (trigger: interval[0:05:00], next run at: 2026-09-03 20:44:53 IST)" skipped: maximum number of running instances reached (1)
Execution of job "PipelineRunner.run_schedule_pipeline (trigger: interval[0:05:00], next run at: 2026-09-03 20:49:53 IST)" skipped: maximum number of running instances reached (1)
Execution of job "PipelineRunner.run_schedule_pipeline (trigger: interval[0:05:00], next run at: 2026-09-03 20:54:53 IST)" skipped: maximum number of running instances reached (1)
Execution of job "PipelineRunner.run_schedule_pipeline (trigger: interval[0:05:00], next run at: 2026-09-03 20:59:53 IST)" skipped: maximum number of running instances reached (1)
Execution of job "PipelineRunner.run_schedule_pipeline (trigger: interval[0:05:00], next run at: 2026-09-03 21:04:53 IST)" skipped: maximum number of running instances reached (1)
Execution of job "PipelineRunner.run_schedule_pipeline (trigger: interval[0:05:00], next run at: 2026-09-03 21:09:53 IST)" skipped: maximum number of running instances reached (1)
Execution of job "PipelineRunner.run_schedule_pipeline (trigger: interval[0:05:00], next run at: 2026-09-03 21:14:53 IST)" skipped: maximum number of running instances reached (1)
Execution of job "PipelineRunner.run_schedule_pipeline (trigger: interval[0:05:00], next run at: 2026-09-03 21:19:53 IST)" skipped: maximum number of running instances reached (1)
Execution of job "PipelineRunner.run_schedule_pipeline (trigger: interval[0:05:00], next run at: 2026-09-03 21:24:53 IST)" skipped: maximum number of running instances reached (1)
Execution of job "PipelineRunner.run_schedule_pipeline (trigger: interval[0:05:00], next run at: 2026-09-03 21:29:53 IST)" skipped: maximum number of running instances reached (1)
Execution of job "PipelineRunner.run_schedule_pipeline (trigger: interval[0:05:00], next run at: 2026-09-03 21:34:53 IST)" skipped: maximum number of running instances reached (1)
Execution of job "PipelineRunner.run_schedule_pipeline (trigger: interval[0:05:00], next run at: 2026-09-03 21:39:53 IST)" skipped: maximum number of running instances reached (1)
Execution of job "PipelineRunner.run_schedule_pipeline (trigger: interval[0:05:00], next run at: 2026-09-03 21:44:53 IST)" skipped: maximum number of running instances reached (1)
Execution of job "PipelineRunner.run_schedule_pipeline (trigger: interval[0:05:00], next run at: 2026-09-03 21:49:53 IST)" skipped: maximum number of running instances reached (1)
Execution of job "PipelineRunner.run_schedule_pipeline (trigger: interval[0:05:00], next run at: 2026-09-03 21:54:53 IST)" skipped: maximum number of running instances reached (1)
Execution of job "PipelineRunner.run_schedule_pipeline (trigger: interval[0:05:00], next run at: 2026-09-03 21:59:53 IST)" skipped: maximum number of running instances reached (1)
Execution of job "PipelineRunner.run_schedule_pipeline (trigger: interval[0:05:00], next run at: 2026-09-03 22:04:53 IST)" skipped: maximum number of running instances reached (1)
Execution of job "PipelineRunner.run_schedule_pipeline (trigger: interval[0:05:00], next run at: 2026-09-03 22:09:53 IST)" skipped: maximum number of running instances reached (1)
Execution of job "PipelineRunner.run_schedule_pipeline (trigger: interval[0:05:00], next run at: 2026-09-03 22:14:53 IST)" skipped: maximum number of running instances reached (1)
Execution of job "PipelineRunner.run_schedule_pipeline (trigger: interval[0:05:00], next run at: 2026-09-03 22:19:53 IST)" skipped: maximum number of running instances reached (1)
Execution of job "PipelineRunner.run_schedule_pipeline (trigger: interval[0:05:00], next run at: 2026-09-03 22:24:53 IST)" skipped: maximum number of running instances reached (1)
Execution of job "PipelineRunner.run_schedule_pipeline (trigger: interval[0:05:00], next run at: 2026-09-03 22:29:53 IST)" skipped: maximum number of running instances reached (1)
Execution of job "PipelineRunner.run_schedule_pipeline (trigger: interval[0:05:00], next run at: 2026-09-03 22:34:53 IST)" skipped: maximum number of running instances reached (1)
Execution of job "PipelineRunner.run_schedule_pipeline (trigger: interval[0:05:00], next run at: 2026-09-03 22:39:53 IST)" skipped: maximum number of running instances reached (1)
Execution of job "PipelineRunner.run_schedule_pipeline (trigger: interval[0:05:00], next run at: 2026-09-03 22:44:53 IST)" skipped: maximum number of running instances reached (1)
Execution of job "PipelineRunner.run_schedule_pipeline (trigger: interval[0:05:00], next run at: 2026-09-03 22:49:53 IST)" skipped: maximum number of running instances reached (1)
Execution of job "PipelineRunner.run_schedule_pipeline (trigger: interval[0:05:00], next run at: 2026-09-03 22:54:53 IST)" skipped: maximum number of running instances reached (1)
Execution of job "PipelineRunner.run_schedule_pipeline (trigger: interval[0:05:00], next run at: 2026-09-03 22:59:53 IST)" skipped: maximum number of running instances reached (1)
Execution of job "PipelineRunner.run_schedule_pipeline (trigger: interval[0:05:00], next run at: 2026-09-03 23:04:53 IST)" skipped: maximum number of running instances reached (1)
Execution of job "PipelineRunner.run_schedule_pipeline (trigger: interval[0:05:00], next run at: 2026-09-03 23:09:53 IST)" skipped: maximum number of running instances reached (1)
Execution of job "PipelineRunner.run_schedule_pipeline (trigger: interval[0:05:00], next run at: 2026-09-03 23:14:53 IST)" skipped: maximum number of running instances reached (1)
Execution of job "PipelineRunner.run_schedule_pipeline (trigger: interval[0:05:00], next run at: 2026-09-03 23:19:53 IST)" skipped: maximum number of running instances reached (1)
Execution of job "PipelineRunner.run_schedule_pipeline (trigger: interval[0:05:00], next run at: 2026-09-03 23:24:53 IST)" skipped: maximum number of running instances reached (1)
Execution of job "PipelineRunner.run_schedule_pipeline (trigger: interval[0:05:00], next run at: 2026-09-03 23:29:53 IST)" skipped: maximum number of running instances reached (1)
Execution of job "PipelineRunner.run_schedule_pipeline (trigger: interval[0:05:00], next run at: 2026-09-03 23:34:53 IST)" skipped: maximum number of running instances reached (1)
Execution of job "PipelineRunner.run_schedule_pipeline (trigger: interval[0:05:00], next run at: 2026-09-03 23:39:53 IST)" skipped: maximum number of running instances reached (1)
Execution of job "PipelineRunner.run_schedule_pipeline (trigger: interval[0:05:00], next run at: 2026-09-03 23:44:53 IST)" skipped: maximum number of running instances reached (1)
Execution of job "PipelineRunner.run_schedule_pipeline (trigger: interval[0:05:00], next run at: 2026-09-03 23:49:53 IST)" skipped: maximum number of running instances reached (1)
Execution of job "PipelineRunner.run_schedule_pipeline (trigger: interval[0:05:00], next run at: 2026-09-03 23:54:53 IST)" skipped: maximum number of running instances reached (1)
Execution of job "PipelineRunner.run_schedule_pipeline (trigger: interval[0:05:00], next run at: 2026-09-03 23:59:53 IST)" skipped: maximum number of running instances reached (1)
Execution of job "PipelineRunner.run_schedule_pipeline (trigger: interval[0:05:00], next run at: 2026-09-04 00:04:53 IST)" skipped: maximum number of running instances reached (1)
Execution of job "PipelineRunner.run_schedule_pipeline (trigger: interval[0:05:00], next run at: 2026-09-04 00:09:53 IST)" skipped: maximum number of running instances reached (1)
Execution of job "PipelineRunner.run_schedule_pipeline (trigger: interval[0:05:00], next run at: 2026-09-04 00:14:53 IST)" skipped: maximum number of running instances reached (1)
Execution of job "PipelineRunner.run_schedule_pipeline (trigger: interval[0:05:00], next run at: 2026-09-04 00:19:53 IST)" skipped: maximum number of running instances reached (1)
Execution of job "PipelineRunner.run_schedule_pipeline (trigger: interval[0:05:00], next run at: 2026-09-04 00:24:53 IST)" skipped: maximum number of running instances reached (1)
Execution of job "PipelineRunner.run_schedule_pipeline (trigger: interval[0:05:00], next run at: 2026-09-04 00:29:53 IST)" skipped: maximum number of running instances reached (1)
Execution of job "PipelineRunner.run_schedule_pipeline (trigger: interval[0:05:00], next run at: 2026-09-04 00:34:53 IST)" skipped: maximum number of running instances reached (1)
Execution of job "PipelineRunner.run_schedule_pipeline (trigger: interval[0:05:00], next run at: 2026-09-04 00:39:53 IST)" skipped: maximum number of running instances reached (1)
Execution of job "PipelineRunner.run_schedule_pipeline (trigger: interval[0:05:00], next run at: 2026-09-04 00:44:53 IST)" skipped: maximum number of running instances reached (1)
Execution of job "PipelineRunner.run_schedule_pipeline (trigger: interval[0:05:00], next run at: 2026-09-04 00:49:53 IST)" skipped: maximum number of running instances reached (1)
Execution of job "PipelineRunner.run_schedule_pipeline (trigger: interval[0:05:00], next run at: 2026-09-04 00:54:53 IST)" skipped: maximum number of running instances reached (1)
Execution of job "PipelineRunner.run_schedule_pipeline (trigger: interval[0:05:00], next run at: 2026-09-04 00:59:53 IST)" skipped: maximum number of running instances reached (1)
Execution of job "PipelineRunner.run_schedule_pipeline (trigger: interval[0:05:00], next run at: 2026-09-04 01:04:53 IST)" skipped: maximum number of running instances reached (1)
Execution of job "PipelineRunner.run_schedule_pipeline (trigger: interval[0:05:00], next run at: 2026-09-04 01:09:53 IST)" skipped: maximum number of running instances reached (1)
Execution of job "PipelineRunner.run_schedule_pipeline (trigger: interval[0:05:00], next run at: 2026-09-04 01:14:53 IST)" skipped: maximum number of running instances reached (1)
Execution of job "PipelineRunner.run_schedule_pipeline (trigger: interval[0:05:00], next run at: 2026-09-04 01:19:53 IST)" skipped: maximum number of running instances reached (1)
Execution of job "PipelineRunner.run_schedule_pipeline (trigger: interval[0:05:00], next run at: 2026-09-04 01:24:53 IST)" skipped: maximum number of running instances reached (1)
Execution of job "PipelineRunner.run_schedule_pipeline (trigger: interval[0:05:00], next run at: 2026-09-04 01:29:53 IST)" skipped: maximum number of running instances reached (1)
Execution of job "PipelineRunner.run_schedule_pipeline (trigger: interval[0:05:00], next run at: 2026-09-04 01:34:53 IST)" skipped: maximum number of running instances reached (1)
Execution of job "PipelineRunner.run_schedule_pipeline (trigger: interval[0:05:00], next run at: 2026-09-04 01:39:53 IST)" skipped: maximum number of running instances reached (1)
Execution of job "PipelineRunner.run_schedule_pipeline (trigger: interval[0:05:00], next run at: 2026-09-04 01:44:53 IST)" skipped: maximum number of running instances reached (1)
Execution of job "PipelineRunner.run_schedule_pipeline (trigger: interval[0:05:00], next run at: 2026-09-04 01:49:53 IST)" skipped: maximum number of running instances reached (1)
Execution of job "PipelineRunner.run_schedule_pipeline (trigger: interval[0:05:00], next run at: 2026-09-04 01:54:53 IST)" skipped: maximum number of running instances reached (1)
Execution of job "PipelineRunner.run_schedule_pipeline (trigger: interval[0:05:00], next run at: 2026-09-04 01:59:53 IST)" skipped: maximum number of running instances reached (1)
Execution of job "PipelineRunner.run_schedule_pipeline (trigger: interval[0:05:00], next run at: 2026-09-04 02:04:53 IST)" skipped: maximum number of running instances reached (1)
Execution of job "PipelineRunner.run_schedule_pipeline (trigger: interval[0:05:00], next run at: 2026-09-04 02:09:53 IST)" skipped: maximum number of running instances reached (1)
Execution of job "PipelineRunner.run_schedule_pipeline (trigger: interval[0:05:00], next run at: 2026-09-04 02:14:53 IST)" skipped: maximum number of running instances reached (1)
Execution of job "PipelineRunner.run_schedule_pipeline (trigger: interval[0:05:00], next run at: 2026-09-04 02:19:53 IST)" skipped: maximum number of running instances reached (1)
Execution of job "PipelineRunner.run_schedule_pipeline (trigger: interval[0:05:00], next run at: 2026-09-04 02:24:53 IST)" skipped: maximum number of running instances reached (1)
Execution of job "PipelineRunner.run_schedule_pipeline (trigger: interval[0:05:00], next run at: 2026-09-04 02:29:53 IST)" skipped: maximum number of running instances reached (1)
Job "sync_employee_directory_to_atlas (trigger: cron[hour='2', minute='30'], next run at: 2026-09-05 02:30:00 IST)" raised an exception
Traceback (most recent call last):
  File "D:\RTG-project\.venv\Lib\site-packages\apscheduler\executors\base.py", line 131, in run_job
    retval = job.func(*job.args, **job.kwargs)
  File "D:\RTG-project\backend\crew_legacy\admin_logic\atlas_sync.py", line 71, in sync_employee_directory_to_atlas
    _mirror_collection(name, dry_run=dry_run)
    ~~~~~~~~~~~~~~~~~~^^^^^^^^^^^^^^^^^^^^^^^
  File "D:\RTG-project\backend\crew_legacy\admin_logic\atlas_sync.py", line 48, in _mirror_collection
    "targetCountBefore": target.count_documents({}),
                         ~~~~~~~~~~~~~~~~~~~~~~^^^^
  File "D:\RTG-project\.venv\Lib\site-packages\pymongo\synchronous\collection.py", line 2162, in count_documents
    return self._retryable_non_cursor_read(_cmd, session, _Op.COUNT)
           ~~~~~~~~~~~~~~~~~~~~~~~~~~~~~~~^^^^^^^^^^^^^^^^^^^^^^^^^^
  File "D:\RTG-project\.venv\Lib\site-packages\pymongo\synchronous\collection.py", line 2176, in _retryable_non_cursor_read
    return client._retryable_read(func, self._read_preference_for(s), s, operation)
           ~~~~~~~~~~~~~~~~~~~~~~^^^^^^^^^^^^^^^^^^^^^^^^^^^^^^^^^^^^^^^^^^^^^^^^^^
  File "D:\RTG-project\.venv\Lib\site-packages\pymongo\synchronous\mongo_client.py", line 2076, in _retryable_read
    return self._retry_internal(
           ~~~~~~~~~~~~~~~~~~~~^
        func,
        ^^^^^
    ...<9 lines>...
        is_aggregate_write=is_aggregate_write,
        ^^^^^^^^^^^^^^^^^^^^^^^^^^^^^^^^^^^^^^
    )
    ^
  File "D:\RTG-project\.venv\Lib\site-packages\pymongo\_csot.py", line 125, in csot_wrapper
    return func(self, *args, **kwargs)
  File "D:\RTG-project\.venv\Lib\site-packages\pymongo\synchronous\mongo_client.py", line 2038, in _retry_internal
    ).run()
      ~~~^^
  File "D:\RTG-project\.venv\Lib\site-packages\pymongo\synchronous\mongo_client.py", line 2811, in run
    res = self._read() if self._is_read else self._write()
          ~~~~~~~~~~^^
  File "D:\RTG-project\.venv\Lib\site-packages\pymongo\synchronous\mongo_client.py", line 3027, in _read
    self._server = self._get_server()
                   ~~~~~~~~~~~~~~~~^^
  File "D:\RTG-project\.venv\Lib\site-packages\pymongo\synchronous\mongo_client.py", line 2975, in _get_server
    return self._client._select_server(
           ~~~~~~~~~~~~~~~~~~~~~~~~~~~^
        self._server_selector,
        ^^^^^^^^^^^^^^^^^^^^^^
    ...<4 lines>...
        operation_id=self._operation_id,
        ^^^^^^^^^^^^^^^^^^^^^^^^^^^^^^^^
    )
    ^
  File "D:\RTG-project\.venv\Lib\site-packages\pymongo\synchronous\mongo_client.py", line 1851, in _select_server
    server = topology.select_server(
        server_selector,
    ...<2 lines>...
        operation_id=operation_id,
    )
  File "D:\RTG-project\.venv\Lib\site-packages\pymongo\synchronous\topology.py", line 428, in select_server
    server = self._select_server(
        selector,
    ...<4 lines>...
        operation_id=operation_id,
    )
  File "D:\RTG-project\.venv\Lib\site-packages\pymongo\synchronous\topology.py", line 402, in _select_server
    servers = self.select_servers(
        selector,
    ...<4 lines>...
        deprioritized_servers,
    )
  File "D:\RTG-project\.venv\Lib\site-packages\pymongo\synchronous\topology.py", line 298, in select_servers
    server_descriptions = self._select_servers_loop(
        selector,
    ...<4 lines>...
        deprioritized_servers=deprioritized_servers,
    )
  File "D:\RTG-project\.venv\Lib\site-packages\pymongo\synchronous\topology.py", line 359, in _select_servers_loop
    raise ServerSelectionTimeoutError(
        f"{self._error_message(selector)}, Timeout: {timeout}s, Topology Description: {self.description!r}"
    )
pymongo.errors.ServerSelectionTimeoutError: ac-o8rxgtb-shard-00-00.kudznxl.mongodb.net:27017: timed out (configured timeouts: socketTimeoutMS: 20000.0ms, connectTimeoutMS: 20000.0ms),ac-o8rxgtb-shard-00-01.kudznxl.mongodb.net:27017: timed out (configured timeouts: socketTimeoutMS: 20000.0ms, connectTimeoutMS: 20000.0ms),ac-o8rxgtb-shard-00-02.kudznxl.mongodb.net:27017: timed out (configured timeouts: socketTimeoutMS: 20000.0ms, connectTimeoutMS: 20000.0ms), Timeout: 10.0s, Topology Description: <TopologyDescription id: 6a9967135b60afc29d61d34e, topology_type: ReplicaSetNoPrimary, servers: [<ServerDescription ('ac-o8rxgtb-shard-00-00.kudznxl.mongodb.net', 27017) server_type: Unknown, rtt: None, error=NetworkTimeout('ac-o8rxgtb-shard-00-00.kudznxl.mongodb.net:27017: timed out (configured timeouts: socketTimeoutMS: 20000.0ms, connectTimeoutMS: 20000.0ms)')>, <ServerDescription ('ac-o8rxgtb-shard-00-01.kudznxl.mongodb.net', 27017) server_type: Unknown, rtt: None, error=NetworkTimeout('ac-o8rxgtb-shard-00-01.kudznxl.mongodb.net:27017: timed out (configured timeouts: socketTimeoutMS: 20000.0ms, connectTimeoutMS: 20000.0ms)')>, <ServerDescription ('ac-o8rxgtb-shard-00-02.kudznxl.mongodb.net', 27017) server_type: Unknown, rtt: None, error=NetworkTimeout('ac-o8rxgtb-shard-00-02.kudznxl.mongodb.net:27017: timed out (configured timeouts: socketTimeoutMS: 20000.0ms, connectTimeoutMS: 20000.0ms)')>]>
Execution of job "PipelineRunner.run_schedule_pipeline (trigger: interval[0:05:00], next run at: 2026-09-04 02:34:53 IST)" skipped: maximum number of running instances reached (1)
Execution of job "PipelineRunner.run_schedule_pipeline (trigger: interval[0:05:00], next run at: 2026-09-04 02:39:53 IST)" skipped: maximum number of running instances reached (1)
Execution of job "PipelineRunner.run_schedule_pipeline (trigger: interval[0:05:00], next run at: 2026-09-04 02:44:53 IST)" skipped: maximum number of running instances reached (1)
Execution of job "PipelineRunner.run_schedule_pipeline (trigger: interval[0:05:00], next run at: 2026-09-04 02:49:53 IST)" skipped: maximum number of running instances reached (1)
Execution of job "PipelineRunner.run_schedule_pipeline (trigger: interval[0:05:00], next run at: 2026-09-04 02:54:53 IST)" skipped: maximum number of running instances reached (1)
Execution of job "PipelineRunner.run_schedule_pipeline (trigger: interval[0:05:00], next run at: 2026-09-04 02:59:53 IST)" skipped: maximum number of running instances reached (1)
Execution of job "PipelineRunner.run_schedule_pipeline (trigger: interval[0:05:00], next run at: 2026-09-04 03:04:53 IST)" skipped: maximum number of running instances reached (1)
Execution of job "PipelineRunner.run_schedule_pipeline (trigger: interval[0:05:00], next run at: 2026-09-04 03:09:53 IST)" skipped: maximum number of running instances reached (1)
Execution of job "PipelineRunner.run_schedule_pipeline (trigger: interval[0:05:00], next run at: 2026-09-04 03:14:53 IST)" skipped: maximum number of running instances reached (1)
Execution of job "PipelineRunner.run_schedule_pipeline (trigger: interval[0:05:00], next run at: 2026-09-04 03:19:53 IST)" skipped: maximum number of running instances reached (1)
Execution of job "PipelineRunner.run_schedule_pipeline (trigger: interval[0:05:00], next run at: 2026-09-04 03:24:53 IST)" skipped: maximum number of running instances reached (1)
Execution of job "PipelineRunner.run_schedule_pipeline (trigger: interval[0:05:00], next run at: 2026-09-04 03:29:53 IST)" skipped: maximum number of running instances reached (1)
Execution of job "PipelineRunner.run_schedule_pipeline (trigger: interval[0:05:00], next run at: 2026-09-04 03:34:53 IST)" skipped: maximum number of running instances reached (1)
Execution of job "PipelineRunner.run_schedule_pipeline (trigger: interval[0:05:00], next run at: 2026-09-04 03:39:53 IST)" skipped: maximum number of running instances reached (1)
Execution of job "PipelineRunner.run_schedule_pipeline (trigger: interval[0:05:00], next run at: 2026-09-04 03:44:53 IST)" skipped: maximum number of running instances reached (1)
Execution of job "PipelineRunner.run_schedule_pipeline (trigger: interval[0:05:00], next run at: 2026-09-04 03:49:53 IST)" skipped: maximum number of running instances reached (1)
Execution of job "PipelineRunner.run_schedule_pipeline (trigger: interval[0:05:00], next run at: 2026-09-04 03:54:53 IST)" skipped: maximum number of running instances reached (1)
Execution of job "PipelineRunner.run_schedule_pipeline (trigger: interval[0:05:00], next run at: 2026-09-04 03:59:53 IST)" skipped: maximum number of running instances reached (1)
Execution of job "PipelineRunner.run_schedule_pipeline (trigger: interval[0:05:00], next run at: 2026-09-04 04:04:53 IST)" skipped: maximum number of running instances reached (1)
Execution of job "PipelineRunner.run_schedule_pipeline (trigger: interval[0:05:00], next run at: 2026-09-04 04:09:53 IST)" skipped: maximum number of running instances reached (1)
Execution of job "PipelineRunner.run_schedule_pipeline (trigger: interval[0:05:00], next run at: 2026-09-04 04:14:53 IST)" skipped: maximum number of running instances reached (1)
Execution of job "PipelineRunner.run_schedule_pipeline (trigger: interval[0:05:00], next run at: 2026-09-04 04:19:53 IST)" skipped: maximum number of running instances reached (1)
Execution of job "PipelineRunner.run_schedule_pipeline (trigger: interval[0:05:00], next run at: 2026-09-04 04:24:53 IST)" skipped: maximum number of running instances reached (1)
Execution of job "PipelineRunner.run_schedule_pipeline (trigger: interval[0:05:00], next run at: 2026-09-04 04:29:53 IST)" skipped: maximum number of running instances reached (1)
Execution of job "PipelineRunner.run_schedule_pipeline (trigger: interval[0:05:00], next run at: 2026-09-04 04:34:53 IST)" skipped: maximum number of running instances reached (1)
Execution of job "PipelineRunner.run_schedule_pipeline (trigger: interval[0:05:00], next run at: 2026-09-04 04:39:53 IST)" skipped: maximum number of running instances reached (1)
Execution of job "PipelineRunner.run_schedule_pipeline (trigger: interval[0:05:00], next run at: 2026-09-04 04:44:53 IST)" skipped: maximum number of running instances reached (1)
Execution of job "PipelineRunner.run_schedule_pipeline (trigger: interval[0:05:00], next run at: 2026-09-04 04:49:53 IST)" skipped: maximum number of running instances reached (1)
Execution of job "PipelineRunner.run_schedule_pipeline (trigger: interval[0:05:00], next run at: 2026-09-04 04:54:53 IST)" skipped: maximum number of running instances reached (1)
Execution of job "PipelineRunner.run_schedule_pipeline (trigger: interval[0:05:00], next run at: 2026-09-04 04:59:53 IST)" skipped: maximum number of running instances reached (1)
Execution of job "PipelineRunner.run_schedule_pipeline (trigger: interval[0:05:00], next run at: 2026-09-04 05:04:53 IST)" skipped: maximum number of running instances reached (1)
Execution of job "PipelineRunner.run_schedule_pipeline (trigger: interval[0:05:00], next run at: 2026-09-04 05:09:53 IST)" skipped: maximum number of running instances reached (1)
Execution of job "PipelineRunner.run_schedule_pipeline (trigger: interval[0:05:00], next run at: 2026-09-04 05:14:53 IST)" skipped: maximum number of running instances reached (1)
Execution of job "PipelineRunner.run_schedule_pipeline (trigger: interval[0:05:00], next run at: 2026-09-04 05:19:53 IST)" skipped: maximum number of running instances reached (1)
Execution of job "PipelineRunner.run_schedule_pipeline (trigger: interval[0:05:00], next run at: 2026-09-04 05:24:53 IST)" skipped: maximum number of running instances reached (1)
Execution of job "PipelineRunner.run_schedule_pipeline (trigger: interval[0:05:00], next run at: 2026-09-04 05:29:53 IST)" skipped: maximum number of running instances reached (1)
Execution of job "PipelineRunner.run_schedule_pipeline (trigger: interval[0:05:00], next run at: 2026-09-04 05:34:53 IST)" skipped: maximum number of running instances reached (1)
Execution of job "PipelineRunner.run_schedule_pipeline (trigger: interval[0:05:00], next run at: 2026-09-04 05:39:53 IST)" skipped: maximum number of running instances reached (1)
Execution of job "PipelineRunner.run_schedule_pipeline (trigger: interval[0:05:00], next run at: 2026-09-04 05:44:53 IST)" skipped: maximum number of running instances reached (1)
Execution of job "PipelineRunner.run_schedule_pipeline (trigger: interval[0:05:00], next run at: 2026-09-04 05:49:53 IST)" skipped: maximum number of running instances reached (1)
Execution of job "PipelineRunner.run_schedule_pipeline (trigger: interval[0:05:00], next run at: 2026-09-04 05:54:53 IST)" skipped: maximum number of running instances reached (1)
Execution of job "PipelineRunner.run_schedule_pipeline (trigger: interval[0:05:00], next run at: 2026-09-04 05:59:53 IST)" skipped: maximum number of running instances reached (1)
Execution of job "PipelineRunner.run_schedule_pipeline (trigger: interval[0:05:00], next run at: 2026-09-04 06:04:53 IST)" skipped: maximum number of running instances reached (1)
Execution of job "PipelineRunner.run_schedule_pipeline (trigger: interval[0:05:00], next run at: 2026-09-04 06:09:53 IST)" skipped: maximum number of running instances reached (1)
Execution of job "PipelineRunner.run_schedule_pipeline (trigger: interval[0:05:00], next run at: 2026-09-04 06:14:53 IST)" skipped: maximum number of running instances reached (1)
Execution of job "PipelineRunner.run_schedule_pipeline (trigger: interval[0:05:00], next run at: 2026-09-04 06:19:53 IST)" skipped: maximum number of running instances reached (1)
Execution of job "PipelineRunner.run_schedule_pipeline (trigger: interval[0:05:00], next run at: 2026-09-04 06:24:53 IST)" skipped: maximum number of running instances reached (1)
Execution of job "PipelineRunner.run_schedule_pipeline (trigger: interval[0:05:00], next run at: 2026-09-04 06:29:53 IST)" skipped: maximum number of running instances reached (1)
Execution of job "PipelineRunner.run_schedule_pipeline (trigger: interval[0:05:00], next run at: 2026-09-04 06:34:53 IST)" skipped: maximum number of running instances reached (1)
Execution of job "PipelineRunner.run_schedule_pipeline (trigger: interval[0:05:00], next run at: 2026-09-04 06:39:53 IST)" skipped: maximum number of running instances reached (1)
Execution of job "PipelineRunner.run_schedule_pipeline (trigger: interval[0:05:00], next run at: 2026-09-04 06:44:53 IST)" skipped: maximum number of running instances reached (1)
Execution of job "PipelineRunner.run_schedule_pipeline (trigger: interval[0:05:00], next run at: 2026-09-04 06:49:53 IST)" skipped: maximum number of running instances reached (1)
Execution of job "PipelineRunner.run_schedule_pipeline (trigger: interval[0:05:00], next run at: 2026-09-04 06:54:53 IST)" skipped: maximum number of running instances reached (1)
Execution of job "PipelineRunner.run_schedule_pipeline (trigger: interval[0:05:00], next run at: 2026-09-04 06:59:53 IST)" skipped: maximum number of running instances reached (1)
Execution of job "PipelineRunner.run_schedule_pipeline (trigger: interval[0:05:00], next run at: 2026-09-04 07:04:53 IST)" skipped: maximum number of running instances reached (1)
Execution of job "PipelineRunner.run_schedule_pipeline (trigger: interval[0:05:00], next run at: 2026-09-04 07:09:53 IST)" skipped: maximum number of running instances reached (1)
Execution of job "PipelineRunner.run_schedule_pipeline (trigger: interval[0:05:00], next run at: 2026-09-04 07:14:53 IST)" skipped: maximum number of running instances reached (1)
Execution of job "PipelineRunner.run_schedule_pipeline (trigger: interval[0:05:00], next run at: 2026-09-04 07:19:53 IST)" skipped: maximum number of running instances reached (1)
Execution of job "PipelineRunner.run_schedule_pipeline (trigger: interval[0:05:00], next run at: 2026-09-04 07:24:53 IST)" skipped: maximum number of running instances reached (1)
Execution of job "PipelineRunner.run_schedule_pipeline (trigger: interval[0:05:00], next run at: 2026-09-04 07:29:53 IST)" skipped: maximum number of running instances reached (1)
Job "run_dso_shared_folder_sync (trigger: cron[hour='7', minute='30'], next run at: 2026-09-05 07:30:00 IST)" raised an exception
Traceback (most recent call last):
  File "D:\RTG-project\.venv\Lib\site-packages\apscheduler\executors\base.py", line 131, in run_job
    retval = job.func(*job.args, **job.kwargs)
  File "D:\RTG-project\backend\scheduler\jobs.py", line 36, in run_dso_shared_folder_sync
    result = sync_dso_report_from_folder(
        report_type=report_type,
        report_date=report_day.isoformat(),
        overwrite=True,
    )
  File "D:\RTG-project\backend\routes\dso_report_routes.py", line 917, in sync_dso_report_from_folder
    source_file = expected_dso_source_file(report_type, report_date)
  File "D:\RTG-project\backend\routes\dso_report_routes.py", line 905, in expected_dso_source_file
    raise FileNotFoundError(
        f"Expected source file was not found in {folder}: {base_name}.xlsx"
    )
FileNotFoundError: Expected source file was not found in \\10.3.95.200\HTTP-Access\ScadaData\DSO_reports: DSO_Morning_report_04092026.xlsx
Execution of job "PipelineRunner.run_schedule_pipeline (trigger: interval[0:05:00], next run at: 2026-09-04 07:34:53 IST)" skipped: maximum number of running instances reached (1)
Execution of job "PipelineRunner.run_schedule_pipeline (trigger: interval[0:05:00], next run at: 2026-09-04 07:39:53 IST)" skipped: maximum number of running instances reached (1)
Execution of job "PipelineRunner.run_schedule_pipeline (trigger: interval[0:05:00], next run at: 2026-09-04 07:44:53 IST)" skipped: maximum number of running instances reached (1)
Execution of job "PipelineRunner.run_schedule_pipeline (trigger: interval[0:05:00], next run at: 2026-09-04 07:49:53 IST)" skipped: maximum number of running instances reached (1)
Execution of job "PipelineRunner.run_schedule_pipeline (trigger: interval[0:05:00], next run at: 2026-09-04 07:54:53 IST)" skipped: maximum number of running instances reached (1)
Execution of job "PipelineRunner.run_schedule_pipeline (trigger: interval[0:05:00], next run at: 2026-09-04 07:59:53 IST)" skipped: maximum number of running instances reached (1)
Execution of job "PipelineRunner.run_schedule_pipeline (trigger: interval[0:05:00], next run at: 2026-09-04 08:04:53 IST)" skipped: maximum number of running instances reached (1)
Execution of job "PipelineRunner.run_schedule_pipeline (trigger: interval[0:05:00], next run at: 2026-09-04 08:09:53 IST)" skipped: maximum number of running instances reached (1)
Execution of job "PipelineRunner.run_schedule_pipeline (trigger: interval[0:05:00], next run at: 2026-09-04 08:14:53 IST)" skipped: maximum number of running instances reached (1)
Execution of job "PipelineRunner.run_schedule_pipeline (trigger: interval[0:05:00], next run at: 2026-09-04 08:19:53 IST)" skipped: maximum number of running instances reached (1)
Execution of job "PipelineRunner.run_schedule_pipeline (trigger: interval[0:05:00], next run at: 2026-09-04 08:24:53 IST)" skipped: maximum number of running instances reached (1)
Execution of job "PipelineRunner.run_schedule_pipeline (trigger: interval[0:05:00], next run at: 2026-09-04 08:29:53 IST)" skipped: maximum number of running instances reached (1)
Execution of job "PipelineRunner.run_schedule_pipeline (trigger: interval[0:05:00], next run at: 2026-09-04 08:34:53 IST)" skipped: maximum number of running instances reached (1)
Execution of job "PipelineRunner.run_schedule_pipeline (trigger: interval[0:05:00], next run at: 2026-09-04 08:39:53 IST)" skipped: maximum number of running instances reached (1)
Execution of job "PipelineRunner.run_schedule_pipeline (trigger: interval[0:05:00], next run at: 2026-09-04 08:44:53 IST)" skipped: maximum number of running instances reached (1)
Execution of job "PipelineRunner.run_schedule_pipeline (trigger: interval[0:05:00], next run at: 2026-09-04 08:49:53 IST)" skipped: maximum number of running instances reached (1)
Execution of job "PipelineRunner.run_schedule_pipeline (trigger: interval[0:05:00], next run at: 2026-09-04 08:54:53 IST)" skipped: maximum number of running instances reached (1)
Execution of job "PipelineRunner.run_schedule_pipeline (trigger: interval[0:05:00], next run at: 2026-09-04 08:59:53 IST)" skipped: maximum number of running instances reached (1)
Execution of job "PipelineRunner.run_schedule_pipeline (trigger: interval[0:05:00], next run at: 2026-09-04 09:04:53 IST)" skipped: maximum number of running instances reached (1)
Execution of job "PipelineRunner.run_schedule_pipeline (trigger: interval[0:05:00], next run at: 2026-09-04 09:09:53 IST)" skipped: maximum number of running instances reached (1)
Execution of job "PipelineRunner.run_schedule_pipeline (trigger: interval[0:05:00], next run at: 2026-09-04 09:14:53 IST)" skipped: maximum number of running instances reached (1)
Execution of job "PipelineRunner.run_schedule_pipeline (trigger: interval[0:05:00], next run at: 2026-09-04 09:19:53 IST)" skipped: maximum number of running instances reached (1)
Execution of job "PipelineRunner.run_schedule_pipeline (trigger: interval[0:05:00], next run at: 2026-09-04 09:24:53 IST)" skipped: maximum number of running instances reached (1)
Execution of job "PipelineRunner.run_schedule_pipeline (trigger: interval[0:05:00], next run at: 2026-09-04 09:29:53 IST)" skipped: maximum number of running instances reached (1)
Execution of job "PipelineRunner.run_schedule_pipeline (trigger: interval[0:05:00], next run at: 2026-09-04 09:34:53 IST)" skipped: maximum number of running instances reached (1)
Execution of job "PipelineRunner.run_schedule_pipeline (trigger: interval[0:05:00], next run at: 2026-09-04 09:39:53 IST)" skipped: maximum number of running instances reached (1)
Execution of job "PipelineRunner.run_schedule_pipeline (trigger: interval[0:05:00], next run at: 2026-09-04 09:44:53 IST)" skipped: maximum number of running instances reached (1)
Execution of job "PipelineRunner.run_schedule_pipeline (trigger: interval[0:05:00], next run at: 2026-09-04 09:49:53 IST)" skipped: maximum number of running instances reached (1)
Execution of job "PipelineRunner.run_schedule_pipeline (trigger: interval[0:05:00], next run at: 2026-09-04 09:54:53 IST)" skipped: maximum number of running instances reached (1)
Execution of job "PipelineRunner.run_schedule_pipeline (trigger: interval[0:05:00], next run at: 2026-09-04 09:59:53 IST)" skipped: maximum number of running instances reached (1)
Execution of job "PipelineRunner.run_schedule_pipeline (trigger: interval[0:05:00], next run at: 2026-09-04 10:04:53 IST)" skipped: maximum number of running instances reached (1)
Execution of job "PipelineRunner.run_schedule_pipeline (trigger: interval[0:05:00], next run at: 2026-09-04 10:09:53 IST)" skipped: maximum number of running instances reached (1)
Execution of job "PipelineRunner.run_schedule_pipeline (trigger: interval[0:05:00], next run at: 2026-09-04 10:14:53 IST)" skipped: maximum number of running instances reached (1)
Execution of job "PipelineRunner.run_schedule_pipeline (trigger: interval[0:05:00], next run at: 2026-09-04 10:19:53 IST)" skipped: maximum number of running instances reached (1)
Execution of job "PipelineRunner.run_schedule_pipeline (trigger: interval[0:05:00], next run at: 2026-09-04 10:24:53 IST)" skipped: maximum number of running instances reached (1)
Execution of job "PipelineRunner.run_schedule_pipeline (trigger: interval[0:05:00], next run at: 2026-09-04 10:29:53 IST)" skipped: maximum number of running instances reached (1)
Execution of job "PipelineRunner.run_schedule_pipeline (trigger: interval[0:05:00], next run at: 2026-09-04 10:34:53 IST)" skipped: maximum number of running instances reached (1)
Execution of job "PipelineRunner.run_schedule_pipeline (trigger: interval[0:05:00], next run at: 2026-09-04 10:39:53 IST)" skipped: maximum number of running instances reached (1)
Execution of job "PipelineRunner.run_schedule_pipeline (trigger: interval[0:05:00], next run at: 2026-09-04 10:44:53 IST)" skipped: maximum number of running instances reached (1)
Execution of job "PipelineRunner.run_schedule_pipeline (trigger: interval[0:05:00], next run at: 2026-09-04 10:49:53 IST)" skipped: maximum number of running instances reached (1)
Execution of job "PipelineRunner.run_schedule_pipeline (trigger: interval[0:05:00], next run at: 2026-09-04 10:54:53 IST)" skipped: maximum number of running instances reached (1)
Execution of job "PipelineRunner.run_schedule_pipeline (trigger: interval[0:05:00], next run at: 2026-09-04 10:59:53 IST)" skipped: maximum number of running instances reached (1)
Execution of job "PipelineRunner.run_schedule_pipeline (trigger: interval[0:05:00], next run at: 2026-09-04 11:04:53 IST)" skipped: maximum number of running instances reached (1)
Execution of job "PipelineRunner.run_schedule_pipeline (trigger: interval[0:05:00], next run at: 2026-09-04 11:09:53 IST)" skipped: maximum number of running instances reached (1)
Execution of job "PipelineRunner.run_schedule_pipeline (trigger: interval[0:05:00], next run at: 2026-09-04 11:14:53 IST)" skipped: maximum number of running instances reached (1)
Execution of job "PipelineRunner.run_schedule_pipeline (trigger: interval[0:05:00], next run at: 2026-09-04 11:19:53 IST)" skipped: maximum number of running instances reached (1)
Execution of job "PipelineRunner.run_schedule_pipeline (trigger: interval[0:05:00], next run at: 2026-09-04 11:24:53 IST)" skipped: maximum number of running instances reached (1)
Execution of job "PipelineRunner.run_schedule_pipeline (trigger: interval[0:05:00], next run at: 2026-09-04 11:29:53 IST)" skipped: maximum number of running instances reached (1)
Job "run_er_plant_deviation_sync (trigger: cron[hour='11', minute='30'], next run at: 2026-09-05 11:30:00 IST)" raised an exception
Traceback (most recent call last):
  File "D:\RTG-project\.venv\Lib\site-packages\apscheduler\executors\base.py", line 131, in run_job
    retval = job.func(*job.args, **job.kwargs)
  File "D:\RTG-project\backend\scheduler\jobs.py", line 68, in run_er_plant_deviation_sync
    result = sync_er_day_ahead_report(report_date)
  File "D:\RTG-project\backend\routes\plant_deviation_routes.py", line 481, in sync_er_day_ahead_report
    report = _day_ahead_thermal_report(selected_date.isoformat(), force_refresh=True)
  File "D:\RTG-project\backend\routes\plant_deviation_routes.py", line 131, in _day_ahead_thermal_report
    raise HTTPException(
    ...<2 lines>...
    )
fastapi.exceptions.HTTPException: 404: Day-ahead MOP file not found: ER_Plantwise Deviation from IC_04-09-2026.xlsx
Execution of job "PipelineRunner.run_schedule_pipeline (trigger: interval[0:05:00], next run at: 2026-09-04 11:34:53 IST)" skipped: maximum number of running instances reached (1)
Execution of job "PipelineRunner.run_schedule_pipeline (trigger: interval[0:05:00], next run at: 2026-09-04 11:39:53 IST)" skipped: maximum number of running instances reached (1)
Execution of job "PipelineRunner.run_schedule_pipeline (trigger: interval[0:05:00], next run at: 2026-09-04 11:44:53 IST)" skipped: maximum number of running instances reached (1)
Execution of job "PipelineRunner.run_schedule_pipeline (trigger: interval[0:05:00], next run at: 2026-09-04 11:49:53 IST)" skipped: maximum number of running instances reached (1)
Execution of job "PipelineRunner.run_schedule_pipeline (trigger: interval[0:05:00], next run at: 2026-09-04 11:54:53 IST)" skipped: maximum number of running instances reached (1)
Execution of job "PipelineRunner.run_schedule_pipeline (trigger: interval[0:05:00], next run at: 2026-09-04 11:59:53 IST)" skipped: maximum number of running instances reached (1)
Execution of job "PipelineRunner.run_schedule_pipeline (trigger: interval[0:05:00], next run at: 2026-09-04 12:04:53 IST)" skipped: maximum number of running instances reached (1)
Execution of job "PipelineRunner.run_schedule_pipeline (trigger: interval[0:05:00], next run at: 2026-09-04 12:09:53 IST)" skipped: maximum number of running instances reached (1)
Execution of job "PipelineRunner.run_schedule_pipeline (trigger: interval[0:05:00], next run at: 2026-09-04 12:14:53 IST)" skipped: maximum number of running instances reached (1)
Execution of job "PipelineRunner.run_schedule_pipeline (trigger: interval[0:05:00], next run at: 2026-09-04 12:19:53 IST)" skipped: maximum number of running instances reached (1)
Execution of job "PipelineRunner.run_schedule_pipeline (trigger: interval[0:05:00], next run at: 2026-09-04 12:24:53 IST)" skipped: maximum number of running instances reached (1)
Execution of job "PipelineRunner.run_schedule_pipeline (trigger: interval[0:05:00], next run at: 2026-09-04 12:29:53 IST)" skipped: maximum number of running instances reached (1)
Execution of job "PipelineRunner.run_schedule_pipeline (trigger: interval[0:05:00], next run at: 2026-09-04 12:34:53 IST)" skipped: maximum number of running instances reached (1)
Execution of job "PipelineRunner.run_schedule_pipeline (trigger: interval[0:05:00], next run at: 2026-09-04 12:39:53 IST)" skipped: maximum number of running instances reached (1)
Execution of job "PipelineRunner.run_schedule_pipeline (trigger: interval[0:05:00], next run at: 2026-09-04 12:44:53 IST)" skipped: maximum number of running instances reached (1)
Execution of job "PipelineRunner.run_schedule_pipeline (trigger: interval[0:05:00], next run at: 2026-09-04 12:49:53 IST)" skipped: maximum number of running instances reached (1)
Execution of job "PipelineRunner.run_schedule_pipeline (trigger: interval[0:05:00], next run at: 2026-09-04 12:54:53 IST)" skipped: maximum number of running instances reached (1)
Execution of job "PipelineRunner.run_schedule_pipeline (trigger: interval[0:05:00], next run at: 2026-09-04 12:59:53 IST)" skipped: maximum number of running instances reached (1)
Execution of job "PipelineRunner.run_schedule_pipeline (trigger: interval[0:05:00], next run at: 2026-09-04 13:04:53 IST)" skipped: maximum number of running instances reached (1)
Execution of job "PipelineRunner.run_schedule_pipeline (trigger: interval[0:05:00], next run at: 2026-09-04 13:09:53 IST)" skipped: maximum number of running instances reached (1)
Execution of job "PipelineRunner.run_schedule_pipeline (trigger: interval[0:05:00], next run at: 2026-09-04 13:14:53 IST)" skipped: maximum number of running instances reached (1)
Execution of job "PipelineRunner.run_schedule_pipeline (trigger: interval[0:05:00], next run at: 2026-09-04 13:19:53 IST)" skipped: maximum number of running instances reached (1)
Execution of job "PipelineRunner.run_schedule_pipeline (trigger: interval[0:05:00], next run at: 2026-09-04 13:24:53 IST)" skipped: maximum number of running instances reached (1)
Execution of job "PipelineRunner.run_schedule_pipeline (trigger: interval[0:05:00], next run at: 2026-09-04 13:29:53 IST)" skipped: maximum number of running instances reached (1)
Execution of job "PipelineRunner.run_schedule_pipeline (trigger: interval[0:05:00], next run at: 2026-09-04 13:34:53 IST)" skipped: maximum number of running instances reached (1)
Execution of job "PipelineRunner.run_schedule_pipeline (trigger: interval[0:05:00], next run at: 2026-09-04 13:39:53 IST)" skipped: maximum number of running instances reached (1)
Execution of job "PipelineRunner.run_schedule_pipeline (trigger: interval[0:05:00], next run at: 2026-09-04 13:44:53 IST)" skipped: maximum number of running instances reached (1)
Execution of job "PipelineRunner.run_schedule_pipeline (trigger: interval[0:05:00], next run at: 2026-09-04 13:49:53 IST)" skipped: maximum number of running instances reached (1)
Execution of job "PipelineRunner.run_schedule_pipeline (trigger: interval[0:05:00], next run at: 2026-09-04 13:54:53 IST)" skipped: maximum number of running instances reached (1)
Execution of job "PipelineRunner.run_schedule_pipeline (trigger: interval[0:05:00], next run at: 2026-09-04 13:59:53 IST)" skipped: maximum number of running instances reached (1)
Execution of job "PipelineRunner.run_schedule_pipeline (trigger: interval[0:05:00], next run at: 2026-09-04 14:04:53 IST)" skipped: maximum number of running instances reached (1)
Execution of job "PipelineRunner.run_schedule_pipeline (trigger: interval[0:05:00], next run at: 2026-09-04 14:09:53 IST)" skipped: maximum number of running instances reached (1)
Execution of job "PipelineRunner.run_schedule_pipeline (trigger: interval[0:05:00], next run at: 2026-09-04 14:14:53 IST)" skipped: maximum number of running instances reached (1)
Execution of job "PipelineRunner.run_schedule_pipeline (trigger: interval[0:05:00], next run at: 2026-09-04 14:19:53 IST)" skipped: maximum number of running instances reached (1)
Execution of job "PipelineRunner.run_schedule_pipeline (trigger: interval[0:05:00], next run at: 2026-09-04 14:24:53 IST)" skipped: maximum number of running instances reached (1)
Execution of job "PipelineRunner.run_schedule_pipeline (trigger: interval[0:05:00], next run at: 2026-09-04 14:29:53 IST)" skipped: maximum number of running instances reached (1)
Execution of job "PipelineRunner.run_schedule_pipeline (trigger: interval[0:05:00], next run at: 2026-09-04 14:34:53 IST)" skipped: maximum number of running instances reached (1)
Execution of job "PipelineRunner.run_schedule_pipeline (trigger: interval[0:05:00], next run at: 2026-09-04 14:39:53 IST)" skipped: maximum number of running instances reached (1)
Execution of job "PipelineRunner.run_schedule_pipeline (trigger: interval[0:05:00], next run at: 2026-09-04 14:44:53 IST)" skipped: maximum number of running instances reached (1)
Execution of job "PipelineRunner.run_schedule_pipeline (trigger: interval[0:05:00], next run at: 2026-09-04 14:49:53 IST)" skipped: maximum number of running instances reached (1)
Execution of job "PipelineRunner.run_schedule_pipeline (trigger: interval[0:05:00], next run at: 2026-09-04 14:54:53 IST)" skipped: maximum number of running instances reached (1)
Execution of job "PipelineRunner.run_schedule_pipeline (trigger: interval[0:05:00], next run at: 2026-09-04 14:59:53 IST)" skipped: maximum number of running instances reached (1)
Execution of job "PipelineRunner.run_schedule_pipeline (trigger: interval[0:05:00], next run at: 2026-09-04 15:04:53 IST)" skipped: maximum number of running instances reached (1)
Execution of job "PipelineRunner.run_schedule_pipeline (trigger: interval[0:05:00], next run at: 2026-09-04 15:09:53 IST)" skipped: maximum number of running instances reached (1)
Execution of job "PipelineRunner.run_schedule_pipeline (trigger: interval[0:05:00], next run at: 2026-09-04 15:14:53 IST)" skipped: maximum number of running instances reached (1)
Execution of job "PipelineRunner.run_schedule_pipeline (trigger: interval[0:05:00], next run at: 2026-09-04 15:19:53 IST)" skipped: maximum number of running instances reached (1)
Execution of job "PipelineRunner.run_schedule_pipeline (trigger: interval[0:05:00], next run at: 2026-09-04 15:24:53 IST)" skipped: maximum number of running instances reached (1)
Execution of job "PipelineRunner.run_schedule_pipeline (trigger: interval[0:05:00], next run at: 2026-09-04 15:29:53 IST)" skipped: maximum number of running instances reached (1)
Execution of job "PipelineRunner.run_schedule_pipeline (trigger: interval[0:05:00], next run at: 2026-09-04 15:34:53 IST)" skipped: maximum number of running instances reached (1)
Execution of job "PipelineRunner.run_schedule_pipeline (trigger: interval[0:05:00], next run at: 2026-09-04 15:39:53 IST)" skipped: maximum number of running instances reached (1)
Execution of job "PipelineRunner.run_schedule_pipeline (trigger: interval[0:05:00], next run at: 2026-09-04 15:44:53 IST)" skipped: maximum number of running instances reached (1)
Execution of job "PipelineRunner.run_schedule_pipeline (trigger: interval[0:05:00], next run at: 2026-09-04 15:49:53 IST)" skipped: maximum number of running instances reached (1)
Execution of job "PipelineRunner.run_schedule_pipeline (trigger: interval[0:05:00], next run at: 2026-09-04 15:54:53 IST)" skipped: maximum number of running instances reached (1)
Execution of job "PipelineRunner.run_schedule_pipeline (trigger: interval[0:05:00], next run at: 2026-09-04 15:59:53 IST)" skipped: maximum number of running instances reached (1)
Execution of job "PipelineRunner.run_schedule_pipeline (trigger: interval[0:05:00], next run at: 2026-09-04 16:04:53 IST)" skipped: maximum number of running instances reached (1)
Execution of job "PipelineRunner.run_schedule_pipeline (trigger: interval[0:05:00], next run at: 2026-09-04 16:09:53 IST)" skipped: maximum number of running instances reached (1)
Execution of job "PipelineRunner.run_schedule_pipeline (trigger: interval[0:05:00], next run at: 2026-09-04 16:14:53 IST)" skipped: maximum number of running instances reached (1)
Execution of job "PipelineRunner.run_schedule_pipeline (trigger: interval[0:05:00], next run at: 2026-09-04 16:19:53 IST)" skipped: maximum number of running instances reached (1)
Execution of job "PipelineRunner.run_schedule_pipeline (trigger: interval[0:05:00], next run at: 2026-09-04 16:24:53 IST)" skipped: maximum number of running instances reached (1)
Execution of job "PipelineRunner.run_schedule_pipeline (trigger: interval[0:05:00], next run at: 2026-09-04 16:29:53 IST)" skipped: maximum number of running instances reached (1)
Execution of job "PipelineRunner.run_schedule_pipeline (trigger: interval[0:05:00], next run at: 2026-09-04 16:34:53 IST)" skipped: maximum number of running instances reached (1)
Execution of job "PipelineRunner.run_schedule_pipeline (trigger: interval[0:05:00], next run at: 2026-09-04 16:39:53 IST)" skipped: maximum number of running instances reached (1)
Execution of job "PipelineRunner.run_schedule_pipeline (trigger: interval[0:05:00], next run at: 2026-09-04 16:44:53 IST)" skipped: maximum number of running instances reached (1)
Execution of job "PipelineRunner.run_schedule_pipeline (trigger: interval[0:05:00], next run at: 2026-09-04 16:49:53 IST)" skipped: maximum number of running instances reached (1)
Execution of job "PipelineRunner.run_schedule_pipeline (trigger: interval[0:05:00], next run at: 2026-09-04 16:54:53 IST)" skipped: maximum number of running instances reached (1)
Execution of job "PipelineRunner.run_schedule_pipeline (trigger: interval[0:05:00], next run at: 2026-09-04 16:59:53 IST)" skipped: maximum number of running instances reached (1)
Execution of job "PipelineRunner.run_schedule_pipeline (trigger: interval[0:05:00], next run at: 2026-09-04 17:04:53 IST)" skipped: maximum number of running instances reached (1)
Execution of job "PipelineRunner.run_schedule_pipeline (trigger: interval[0:05:00], next run at: 2026-09-04 17:09:53 IST)" skipped: maximum number of running instances reached (1)
Execution of job "PipelineRunner.run_schedule_pipeline (trigger: interval[0:05:00], next run at: 2026-09-04 17:14:53 IST)" skipped: maximum number of running instances reached (1)
Execution of job "PipelineRunner.run_schedule_pipeline (trigger: interval[0:05:00], next run at: 2026-09-04 17:19:53 IST)" skipped: maximum number of running instances reached (1)
Execution of job "PipelineRunner.run_schedule_pipeline (trigger: interval[0:05:00], next run at: 2026-09-04 17:24:53 IST)" skipped: maximum number of running instances reached (1)
Execution of job "PipelineRunner.run_schedule_pipeline (trigger: interval[0:05:00], next run at: 2026-09-04 17:29:53 IST)" skipped: maximum number of running instances reached (1)
Job "run_dso_shared_folder_sync (trigger: cron[hour='17', minute='30'], next run at: 2026-09-05 17:30:00 IST)" raised an exception
Traceback (most recent call last):
  File "D:\RTG-project\.venv\Lib\site-packages\apscheduler\executors\base.py", line 131, in run_job
    retval = job.func(*job.args, **job.kwargs)
  File "D:\RTG-project\backend\scheduler\jobs.py", line 36, in run_dso_shared_folder_sync
    result = sync_dso_report_from_folder(
        report_type=report_type,
        report_date=report_day.isoformat(),
        overwrite=True,
    )
  File "D:\RTG-project\backend\routes\dso_report_routes.py", line 917, in sync_dso_report_from_folder
    source_file = expected_dso_source_file(report_type, report_date)
  File "D:\RTG-project\backend\routes\dso_report_routes.py", line 905, in expected_dso_source_file
    raise FileNotFoundError(
        f"Expected source file was not found in {folder}: {base_name}.xlsx"
    )
FileNotFoundError: Expected source file was not found in \\10.3.95.200\HTTP-Access\ScadaData\DSO_reports: SCHD_ACT_04092026.xlsx
Execution of job "PipelineRunner.run_schedule_pipeline (trigger: interval[0:05:00], next run at: 2026-09-04 17:34:53 IST)" skipped: maximum number of running instances reached (1)
Execution of job "PipelineRunner.run_schedule_pipeline (trigger: interval[0:05:00], next run at: 2026-09-04 17:39:53 IST)" skipped: maximum number of running instances reached (1)
Execution of job "PipelineRunner.run_schedule_pipeline (trigger: interval[0:05:00], next run at: 2026-09-04 17:44:53 IST)" skipped: maximum number of running instances reached (1)
Execution of job "PipelineRunner.run_schedule_pipeline (trigger: interval[0:05:00], next run at: 2026-09-04 17:49:53 IST)" skipped: maximum number of running instances reached (1)
Execution of job "PipelineRunner.run_schedule_pipeline (trigger: interval[0:05:00], next run at: 2026-09-04 17:54:53 IST)" skipped: maximum number of running instances reached (1)
Execution of job "PipelineRunner.run_schedule_pipeline (trigger: interval[0:05:00], next run at: 2026-09-04 17:59:53 IST)" skipped: maximum number of running instances reached (1)
Execution of job "PipelineRunner.run_schedule_pipeline (trigger: interval[0:05:00], next run at: 2026-09-04 18:04:53 IST)" skipped: maximum number of running instances reached (1)
Execution of job "PipelineRunner.run_schedule_pipeline (trigger: interval[0:05:00], next run at: 2026-09-04 18:09:53 IST)" skipped: maximum number of running instances reached (1)
Execution of job "PipelineRunner.run_schedule_pipeline (trigger: interval[0:05:00], next run at: 2026-09-04 18:14:53 IST)" skipped: maximum number of running instances reached (1)
Execution of job "PipelineRunner.run_schedule_pipeline (trigger: interval[0:05:00], next run at: 2026-09-04 18:19:53 IST)" skipped: maximum number of running instances reached (1)
Execution of job "PipelineRunner.run_schedule_pipeline (trigger: interval[0:05:00], next run at: 2026-09-04 18:24:53 IST)" skipped: maximum number of running instances reached (1)
Execution of job "PipelineRunner.run_schedule_pipeline (trigger: interval[0:05:00], next run at: 2026-09-04 18:29:53 IST)" skipped: maximum number of running instances reached (1)
Execution of job "PipelineRunner.run_schedule_pipeline (trigger: interval[0:05:00], next run at: 2026-09-04 18:34:53 IST)" skipped: maximum number of running instances reached (1)
Execution of job "PipelineRunner.run_schedule_pipeline (trigger: interval[0:05:00], next run at: 2026-09-04 18:39:53 IST)" skipped: maximum number of running instances reached (1)
Execution of job "PipelineRunner.run_schedule_pipeline (trigger: interval[0:05:00], next run at: 2026-09-04 18:44:53 IST)" skipped: maximum number of running instances reached (1)
Execution of job "PipelineRunner.run_schedule_pipeline (trigger: interval[0:05:00], next run at: 2026-09-04 18:49:53 IST)" skipped: maximum number of running instances reached (1)
Execution of job "PipelineRunner.run_schedule_pipeline (trigger: interval[0:05:00], next run at: 2026-09-04 18:54:53 IST)" skipped: maximum number of running instances reached (1)
Execution of job "PipelineRunner.run_schedule_pipeline (trigger: interval[0:05:00], next run at: 2026-09-04 18:59:53 IST)" skipped: maximum number of running instances reached (1)
Execution of job "PipelineRunner.run_schedule_pipeline (trigger: interval[0:05:00], next run at: 2026-09-04 19:04:53 IST)" skipped: maximum number of running instances reached (1)
Execution of job "PipelineRunner.run_schedule_pipeline (trigger: interval[0:05:00], next run at: 2026-09-04 19:09:53 IST)" skipped: maximum number of running instances reached (1)
Execution of job "PipelineRunner.run_schedule_pipeline (trigger: interval[0:05:00], next run at: 2026-09-04 19:14:53 IST)" skipped: maximum number of running instances reached (1)
Execution of job "PipelineRunner.run_schedule_pipeline (trigger: interval[0:05:00], next run at: 2026-09-04 19:19:53 IST)" skipped: maximum number of running instances reached (1)
Execution of job "PipelineRunner.run_schedule_pipeline (trigger: interval[0:05:00], next run at: 2026-09-04 19:24:53 IST)" skipped: maximum number of running instances reached (1)
Execution of job "PipelineRunner.run_schedule_pipeline (trigger: interval[0:05:00], next run at: 2026-09-04 19:29:53 IST)" skipped: maximum number of running instances reached (1)
Execution of job "PipelineRunner.run_schedule_pipeline (trigger: interval[0:05:00], next run at: 2026-09-04 19:34:53 IST)" skipped: maximum number of running instances reached (1)
Execution of job "PipelineRunner.run_schedule_pipeline (trigger: interval[0:05:00], next run at: 2026-09-04 19:39:53 IST)" skipped: maximum number of running instances reached (1)
Execution of job "PipelineRunner.run_schedule_pipeline (trigger: interval[0:05:00], next run at: 2026-09-04 19:44:53 IST)" skipped: maximum number of running instances reached (1)
Execution of job "PipelineRunner.run_schedule_pipeline (trigger: interval[0:05:00], next run at: 2026-09-04 19:49:53 IST)" skipped: maximum number of running instances reached (1)
Execution of job "PipelineRunner.run_schedule_pipeline (trigger: interval[0:05:00], next run at: 2026-09-04 19:54:53 IST)" skipped: maximum number of running instances reached (1)
Execution of job "PipelineRunner.run_schedule_pipeline (trigger: interval[0:05:00], next run at: 2026-09-04 19:59:53 IST)" skipped: maximum number of running instances reached (1)
Execution of job "PipelineRunner.run_schedule_pipeline (trigger: interval[0:05:00], next run at: 2026-09-04 20:04:53 IST)" skipped: maximum number of running instances reached (1)
Execution of job "PipelineRunner.run_schedule_pipeline (trigger: interval[0:05:00], next run at: 2026-09-04 20:09:53 IST)" skipped: maximum number of running instances reached (1)
Execution of job "PipelineRunner.run_schedule_pipeline (trigger: interval[0:05:00], next run at: 2026-09-04 20:14:53 IST)" skipped: maximum number of running instances reached (1)
Execution of job "PipelineRunner.run_schedule_pipeline (trigger: interval[0:05:00], next run at: 2026-09-04 20:19:53 IST)" skipped: maximum number of running instances reached (1)
Execution of job "PipelineRunner.run_schedule_pipeline (trigger: interval[0:05:00], next run at: 2026-09-04 20:24:53 IST)" skipped: maximum number of running instances reached (1)
Execution of job "PipelineRunner.run_schedule_pipeline (trigger: interval[0:05:00], next run at: 2026-09-04 20:29:53 IST)" skipped: maximum number of running instances reached (1)
Execution of job "PipelineRunner.run_schedule_pipeline (trigger: interval[0:05:00], next run at: 2026-09-04 20:34:53 IST)" skipped: maximum number of running instances reached (1)
Execution of job "PipelineRunner.run_schedule_pipeline (trigger: interval[0:05:00], next run at: 2026-09-04 20:39:53 IST)" skipped: maximum number of running instances reached (1)
Execution of job "PipelineRunner.run_schedule_pipeline (trigger: interval[0:05:00], next run at: 2026-09-04 20:44:53 IST)" skipped: maximum number of running instances reached (1)
Execution of job "PipelineRunner.run_schedule_pipeline (trigger: interval[0:05:00], next run at: 2026-09-04 20:49:53 IST)" skipped: maximum number of running instances reached (1)
Execution of job "PipelineRunner.run_schedule_pipeline (trigger: interval[0:05:00], next run at: 2026-09-04 20:54:53 IST)" skipped: maximum number of running instances reached (1)
Execution of job "PipelineRunner.run_schedule_pipeline (trigger: interval[0:05:00], next run at: 2026-09-04 20:59:53 IST)" skipped: maximum number of running instances reached (1)
Execution of job "PipelineRunner.run_schedule_pipeline (trigger: interval[0:05:00], next run at: 2026-09-04 21:04:53 IST)" skipped: maximum number of running instances reached (1)
Execution of job "PipelineRunner.run_schedule_pipeline (trigger: interval[0:05:00], next run at: 2026-09-04 21:09:53 IST)" skipped: maximum number of running instances reached (1)
Execution of job "PipelineRunner.run_schedule_pipeline (trigger: interval[0:05:00], next run at: 2026-09-04 21:14:53 IST)" skipped: maximum number of running instances reached (1)
Execution of job "PipelineRunner.run_schedule_pipeline (trigger: interval[0:05:00], next run at: 2026-09-04 21:19:53 IST)" skipped: maximum number of running instances reached (1)
Execution of job "PipelineRunner.run_schedule_pipeline (trigger: interval[0:05:00], next run at: 2026-09-04 21:24:53 IST)" skipped: maximum number of running instances reached (1)
Execution of job "PipelineRunner.run_schedule_pipeline (trigger: interval[0:05:00], next run at: 2026-09-04 21:29:53 IST)" skipped: maximum number of running instances reached (1)
Execution of job "PipelineRunner.run_schedule_pipeline (trigger: interval[0:05:00], next run at: 2026-09-04 21:34:53 IST)" skipped: maximum number of running instances reached (1)
Execution of job "PipelineRunner.run_schedule_pipeline (trigger: interval[0:05:00], next run at: 2026-09-04 21:39:53 IST)" skipped: maximum number of running instances reached (1)
Execution of job "PipelineRunner.run_schedule_pipeline (trigger: interval[0:05:00], next run at: 2026-09-04 21:44:53 IST)" skipped: maximum number of running instances reached (1)
Execution of job "PipelineRunner.run_schedule_pipeline (trigger: interval[0:05:00], next run at: 2026-09-04 21:49:53 IST)" skipped: maximum number of running instances reached (1)
Execution of job "PipelineRunner.run_schedule_pipeline (trigger: interval[0:05:00], next run at: 2026-09-04 21:54:53 IST)" skipped: maximum number of running instances reached (1)
Execution of job "PipelineRunner.run_schedule_pipeline (trigger: interval[0:05:00], next run at: 2026-09-04 21:59:53 IST)" skipped: maximum number of running instances reached (1)
Execution of job "PipelineRunner.run_schedule_pipeline (trigger: interval[0:05:00], next run at: 2026-09-04 22:04:53 IST)" skipped: maximum number of running instances reached (1)
Execution of job "PipelineRunner.run_schedule_pipeline (trigger: interval[0:05:00], next run at: 2026-09-04 22:09:53 IST)" skipped: maximum number of running instances reached (1)
Execution of job "PipelineRunner.run_schedule_pipeline (trigger: interval[0:05:00], next run at: 2026-09-04 22:14:53 IST)" skipped: maximum number of running instances reached (1)
Execution of job "PipelineRunner.run_schedule_pipeline (trigger: interval[0:05:00], next run at: 2026-09-04 22:19:53 IST)" skipped: maximum number of running instances reached (1)
Execution of job "PipelineRunner.run_schedule_pipeline (trigger: interval[0:05:00], next run at: 2026-09-04 22:24:53 IST)" skipped: maximum number of running instances reached (1)
Execution of job "PipelineRunner.run_schedule_pipeline (trigger: interval[0:05:00], next run at: 2026-09-04 22:29:53 IST)" skipped: maximum number of running instances reached (1)
Execution of job "PipelineRunner.run_schedule_pipeline (trigger: interval[0:05:00], next run at: 2026-09-04 22:34:53 IST)" skipped: maximum number of running instances reached (1)
Execution of job "PipelineRunner.run_schedule_pipeline (trigger: interval[0:05:00], next run at: 2026-09-04 22:39:53 IST)" skipped: maximum number of running instances reached (1)
Execution of job "PipelineRunner.run_schedule_pipeline (trigger: interval[0:05:00], next run at: 2026-09-04 22:44:53 IST)" skipped: maximum number of running instances reached (1)
Execution of job "PipelineRunner.run_schedule_pipeline (trigger: interval[0:05:00], next run at: 2026-09-04 22:49:53 IST)" skipped: maximum number of running instances reached (1)
Execution of job "PipelineRunner.run_schedule_pipeline (trigger: interval[0:05:00], next run at: 2026-09-04 22:54:53 IST)" skipped: maximum number of running instances reached (1)
Execution of job "PipelineRunner.run_schedule_pipeline (trigger: interval[0:05:00], next run at: 2026-09-04 22:59:53 IST)" skipped: maximum number of running instances reached (1)
Execution of job "PipelineRunner.run_schedule_pipeline (trigger: interval[0:05:00], next run at: 2026-09-04 23:04:53 IST)" skipped: maximum number of running instances reached (1)
Execution of job "PipelineRunner.run_schedule_pipeline (trigger: interval[0:05:00], next run at: 2026-09-04 23:09:53 IST)" skipped: maximum number of running instances reached (1)
Execution of job "PipelineRunner.run_schedule_pipeline (trigger: interval[0:05:00], next run at: 2026-09-04 23:14:53 IST)" skipped: maximum number of running instances reached (1)
Execution of job "PipelineRunner.run_schedule_pipeline (trigger: interval[0:05:00], next run at: 2026-09-04 23:19:53 IST)" skipped: maximum number of running instances reached (1)
Execution of job "PipelineRunner.run_schedule_pipeline (trigger: interval[0:05:00], next run at: 2026-09-04 23:24:53 IST)" skipped: maximum number of running instances reached (1)
Execution of job "PipelineRunner.run_schedule_pipeline (trigger: interval[0:05:00], next run at: 2026-09-04 23:29:53 IST)" skipped: maximum number of running instances reached (1)
Execution of job "PipelineRunner.run_schedule_pipeline (trigger: interval[0:05:00], next run at: 2026-09-04 23:34:53 IST)" skipped: maximum number of running instances reached (1)
Execution of job "PipelineRunner.run_schedule_pipeline (trigger: interval[0:05:00], next run at: 2026-09-04 23:39:53 IST)" skipped: maximum number of running instances reached (1)
Execution of job "PipelineRunner.run_schedule_pipeline (trigger: interval[0:05:00], next run at: 2026-09-04 23:44:53 IST)" skipped: maximum number of running instances reached (1)
Execution of job "PipelineRunner.run_schedule_pipeline (trigger: interval[0:05:00], next run at: 2026-09-04 23:49:53 IST)" skipped: maximum number of running instances reached (1)
Execution of job "PipelineRunner.run_schedule_pipeline (trigger: interval[0:05:00], next run at: 2026-09-04 23:54:53 IST)" skipped: maximum number of running instances reached (1)
Execution of job "PipelineRunner.run_schedule_pipeline (trigger: interval[0:05:00], next run at: 2026-09-04 23:59:53 IST)" skipped: maximum number of running instances reached (1)
Execution of job "PipelineRunner.run_schedule_pipeline (trigger: interval[0:05:00], next run at: 2026-09-05 00:04:53 IST)" skipped: maximum number of running instances reached (1)
Execution of job "PipelineRunner.run_schedule_pipeline (trigger: interval[0:05:00], next run at: 2026-09-05 00:09:53 IST)" skipped: maximum number of running instances reached (1)
Execution of job "PipelineRunner.run_schedule_pipeline (trigger: interval[0:05:00], next run at: 2026-09-05 00:14:53 IST)" skipped: maximum number of running instances reached (1)
Execution of job "PipelineRunner.run_schedule_pipeline (trigger: interval[0:05:00], next run at: 2026-09-05 00:19:53 IST)" skipped: maximum number of running instances reached (1)
Execution of job "PipelineRunner.run_schedule_pipeline (trigger: interval[0:05:00], next run at: 2026-09-05 00:24:53 IST)" skipped: maximum number of running instances reached (1)
Execution of job "PipelineRunner.run_schedule_pipeline (trigger: interval[0:05:00], next run at: 2026-09-05 00:29:53 IST)" skipped: maximum number of running instances reached (1)
Execution of job "PipelineRunner.run_schedule_pipeline (trigger: interval[0:05:00], next run at: 2026-09-05 00:34:53 IST)" skipped: maximum number of running instances reached (1)
Execution of job "PipelineRunner.run_schedule_pipeline (trigger: interval[0:05:00], next run at: 2026-09-05 00:39:53 IST)" skipped: maximum number of running instances reached (1)
Execution of job "PipelineRunner.run_schedule_pipeline (trigger: interval[0:05:00], next run at: 2026-09-05 00:44:53 IST)" skipped: maximum number of running instances reached (1)
Execution of job "PipelineRunner.run_schedule_pipeline (trigger: interval[0:05:00], next run at: 2026-09-05 00:49:53 IST)" skipped: maximum number of running instances reached (1)
Execution of job "PipelineRunner.run_schedule_pipeline (trigger: interval[0:05:00], next run at: 2026-09-05 00:54:53 IST)" skipped: maximum number of running instances reached (1)
Execution of job "PipelineRunner.run_schedule_pipeline (trigger: interval[0:05:00], next run at: 2026-09-05 00:59:53 IST)" skipped: maximum number of running instances reached (1)
Execution of job "PipelineRunner.run_schedule_pipeline (trigger: interval[0:05:00], next run at: 2026-09-05 01:04:53 IST)" skipped: maximum number of running instances reached (1)
Execution of job "PipelineRunner.run_schedule_pipeline (trigger: interval[0:05:00], next run at: 2026-09-05 01:09:53 IST)" skipped: maximum number of running instances reached (1)
Execution of job "PipelineRunner.run_schedule_pipeline (trigger: interval[0:05:00], next run at: 2026-09-05 01:14:53 IST)" skipped: maximum number of running instances reached (1)
Execution of job "PipelineRunner.run_schedule_pipeline (trigger: interval[0:05:00], next run at: 2026-09-05 01:19:53 IST)" skipped: maximum number of running instances reached (1)
Execution of job "PipelineRunner.run_schedule_pipeline (trigger: interval[0:05:00], next run at: 2026-09-05 01:24:53 IST)" skipped: maximum number of running instances reached (1)
Execution of job "PipelineRunner.run_schedule_pipeline (trigger: interval[0:05:00], next run at: 2026-09-05 01:29:53 IST)" skipped: maximum number of running instances reached (1)
Execution of job "PipelineRunner.run_schedule_pipeline (trigger: interval[0:05:00], next run at: 2026-09-05 01:34:53 IST)" skipped: maximum number of running instances reached (1)
Execution of job "PipelineRunner.run_schedule_pipeline (trigger: interval[0:05:00], next run at: 2026-09-05 01:39:53 IST)" skipped: maximum number of running instances reached (1)
Execution of job "PipelineRunner.run_schedule_pipeline (trigger: interval[0:05:00], next run at: 2026-09-05 01:44:53 IST)" skipped: maximum number of running instances reached (1)
Execution of job "PipelineRunner.run_schedule_pipeline (trigger: interval[0:05:00], next run at: 2026-09-05 01:49:53 IST)" skipped: maximum number of running instances reached (1)
Execution of job "PipelineRunner.run_schedule_pipeline (trigger: interval[0:05:00], next run at: 2026-09-05 01:54:53 IST)" skipped: maximum number of running instances reached (1)
Execution of job "PipelineRunner.run_schedule_pipeline (trigger: interval[0:05:00], next run at: 2026-09-05 01:59:53 IST)" skipped: maximum number of running instances reached (1)
Execution of job "PipelineRunner.run_schedule_pipeline (trigger: interval[0:05:00], next run at: 2026-09-05 02:04:53 IST)" skipped: maximum number of running instances reached (1)
Execution of job "PipelineRunner.run_schedule_pipeline (trigger: interval[0:05:00], next run at: 2026-09-05 02:09:53 IST)" skipped: maximum number of running instances reached (1)
Execution of job "PipelineRunner.run_schedule_pipeline (trigger: interval[0:05:00], next run at: 2026-09-05 02:14:53 IST)" skipped: maximum number of running instances reached (1)
Execution of job "PipelineRunner.run_schedule_pipeline (trigger: interval[0:05:00], next run at: 2026-09-05 02:19:53 IST)" skipped: maximum number of running instances reached (1)
Execution of job "PipelineRunner.run_schedule_pipeline (trigger: interval[0:05:00], next run at: 2026-09-05 02:24:53 IST)" skipped: maximum number of running instances reached (1)
Execution of job "PipelineRunner.run_schedule_pipeline (trigger: interval[0:05:00], next run at: 2026-09-05 02:29:53 IST)" skipped: maximum number of running instances reached (1)
Job "sync_employee_directory_to_atlas (trigger: cron[hour='2', minute='30'], next run at: 2026-09-06 02:30:00 IST)" raised an exception
Traceback (most recent call last):
  File "D:\RTG-project\.venv\Lib\site-packages\apscheduler\executors\base.py", line 131, in run_job
    retval = job.func(*job.args, **job.kwargs)
  File "D:\RTG-project\backend\crew_legacy\admin_logic\atlas_sync.py", line 71, in sync_employee_directory_to_atlas
    _mirror_collection(name, dry_run=dry_run)
    ~~~~~~~~~~~~~~~~~~^^^^^^^^^^^^^^^^^^^^^^^
  File "D:\RTG-project\backend\crew_legacy\admin_logic\atlas_sync.py", line 48, in _mirror_collection
    "targetCountBefore": target.count_documents({}),
                         ~~~~~~~~~~~~~~~~~~~~~~^^^^
  File "D:\RTG-project\.venv\Lib\site-packages\pymongo\synchronous\collection.py", line 2162, in count_documents
    return self._retryable_non_cursor_read(_cmd, session, _Op.COUNT)
           ~~~~~~~~~~~~~~~~~~~~~~~~~~~~~~~^^^^^^^^^^^^^^^^^^^^^^^^^^
  File "D:\RTG-project\.venv\Lib\site-packages\pymongo\synchronous\collection.py", line 2176, in _retryable_non_cursor_read
    return client._retryable_read(func, self._read_preference_for(s), s, operation)
           ~~~~~~~~~~~~~~~~~~~~~~^^^^^^^^^^^^^^^^^^^^^^^^^^^^^^^^^^^^^^^^^^^^^^^^^^
  File "D:\RTG-project\.venv\Lib\site-packages\pymongo\synchronous\mongo_client.py", line 2076, in _retryable_read
    return self._retry_internal(
           ~~~~~~~~~~~~~~~~~~~~^
        func,
        ^^^^^
    ...<9 lines>...
        is_aggregate_write=is_aggregate_write,
        ^^^^^^^^^^^^^^^^^^^^^^^^^^^^^^^^^^^^^^
    )
    ^
  File "D:\RTG-project\.venv\Lib\site-packages\pymongo\_csot.py", line 125, in csot_wrapper
    return func(self, *args, **kwargs)
  File "D:\RTG-project\.venv\Lib\site-packages\pymongo\synchronous\mongo_client.py", line 2038, in _retry_internal
    ).run()
      ~~~^^
  File "D:\RTG-project\.venv\Lib\site-packages\pymongo\synchronous\mongo_client.py", line 2811, in run
    res = self._read() if self._is_read else self._write()
          ~~~~~~~~~~^^
  File "D:\RTG-project\.venv\Lib\site-packages\pymongo\synchronous\mongo_client.py", line 3027, in _read
    self._server = self._get_server()
                   ~~~~~~~~~~~~~~~~^^
  File "D:\RTG-project\.venv\Lib\site-packages\pymongo\synchronous\mongo_client.py", line 2975, in _get_server
    return self._client._select_server(
           ~~~~~~~~~~~~~~~~~~~~~~~~~~~^
        self._server_selector,
        ^^^^^^^^^^^^^^^^^^^^^^
    ...<4 lines>...
        operation_id=self._operation_id,
        ^^^^^^^^^^^^^^^^^^^^^^^^^^^^^^^^
    )
    ^
  File "D:\RTG-project\.venv\Lib\site-packages\pymongo\synchronous\mongo_client.py", line 1851, in _select_server
    server = topology.select_server(
        server_selector,
    ...<2 lines>...
        operation_id=operation_id,
    )
  File "D:\RTG-project\.venv\Lib\site-packages\pymongo\synchronous\topology.py", line 428, in select_server
    server = self._select_server(
        selector,
    ...<4 lines>...
        operation_id=operation_id,
    )
  File "D:\RTG-project\.venv\Lib\site-packages\pymongo\synchronous\topology.py", line 402, in _select_server
    servers = self.select_servers(
        selector,
    ...<4 lines>...
        deprioritized_servers,
    )
  File "D:\RTG-project\.venv\Lib\site-packages\pymongo\synchronous\topology.py", line 298, in select_servers
    server_descriptions = self._select_servers_loop(
        selector,
    ...<4 lines>...
        deprioritized_servers=deprioritized_servers,
    )
  File "D:\RTG-project\.venv\Lib\site-packages\pymongo\synchronous\topology.py", line 359, in _select_servers_loop
    raise ServerSelectionTimeoutError(
        f"{self._error_message(selector)}, Timeout: {timeout}s, Topology Description: {self.description!r}"
    )
pymongo.errors.ServerSelectionTimeoutError: ac-o8rxgtb-shard-00-00.kudznxl.mongodb.net:27017: timed out (configured timeouts: socketTimeoutMS: 20000.0ms, connectTimeoutMS: 20000.0ms),ac-o8rxgtb-shard-00-01.kudznxl.mongodb.net:27017: timed out (configured timeouts: socketTimeoutMS: 20000.0ms, connectTimeoutMS: 20000.0ms),ac-o8rxgtb-shard-00-02.kudznxl.mongodb.net:27017: timed out (configured timeouts: socketTimeoutMS: 20000.0ms, connectTimeoutMS: 20000.0ms), Timeout: 10.0s, Topology Description: <TopologyDescription id: 6a9967135b60afc29d61d34e, topology_type: ReplicaSetNoPrimary, servers: [<ServerDescription ('ac-o8rxgtb-shard-00-00.kudznxl.mongodb.net', 27017) server_type: Unknown, rtt: None, error=NetworkTimeout('ac-o8rxgtb-shard-00-00.kudznxl.mongodb.net:27017: timed out (configured timeouts: socketTimeoutMS: 20000.0ms, connectTimeoutMS: 20000.0ms)')>, <ServerDescription ('ac-o8rxgtb-shard-00-01.kudznxl.mongodb.net', 27017) server_type: Unknown, rtt: None, error=NetworkTimeout('ac-o8rxgtb-shard-00-01.kudznxl.mongodb.net:27017: timed out (configured timeouts: socketTimeoutMS: 20000.0ms, connectTimeoutMS: 20000.0ms)')>, <ServerDescription ('ac-o8rxgtb-shard-00-02.kudznxl.mongodb.net', 27017) server_type: Unknown, rtt: None, error=NetworkTimeout('ac-o8rxgtb-shard-00-02.kudznxl.mongodb.net:27017: timed out (configured timeouts: socketTimeoutMS: 20000.0ms, connectTimeoutMS: 20000.0ms)')>]>
Execution of job "PipelineRunner.run_schedule_pipeline (trigger: interval[0:05:00], next run at: 2026-09-05 02:34:53 IST)" skipped: maximum number of running instances reached (1)
Execution of job "PipelineRunner.run_schedule_pipeline (trigger: interval[0:05:00], next run at: 2026-09-05 02:39:53 IST)" skipped: maximum number of running instances reached (1)
Execution of job "PipelineRunner.run_schedule_pipeline (trigger: interval[0:05:00], next run at: 2026-09-05 02:44:53 IST)" skipped: maximum number of running instances reached (1)
Execution of job "PipelineRunner.run_schedule_pipeline (trigger: interval[0:05:00], next run at: 2026-09-05 02:49:53 IST)" skipped: maximum number of running instances reached (1)
Execution of job "PipelineRunner.run_schedule_pipeline (trigger: interval[0:05:00], next run at: 2026-09-05 02:54:53 IST)" skipped: maximum number of running instances reached (1)
Execution of job "PipelineRunner.run_schedule_pipeline (trigger: interval[0:05:00], next run at: 2026-09-05 02:59:53 IST)" skipped: maximum number of running instances reached (1)
Execution of job "PipelineRunner.run_schedule_pipeline (trigger: interval[0:05:00], next run at: 2026-09-05 03:04:53 IST)" skipped: maximum number of running instances reached (1)
Execution of job "PipelineRunner.run_schedule_pipeline (trigger: interval[0:05:00], next run at: 2026-09-05 03:09:53 IST)" skipped: maximum number of running instances reached (1)
Execution of job "PipelineRunner.run_schedule_pipeline (trigger: interval[0:05:00], next run at: 2026-09-05 03:14:53 IST)" skipped: maximum number of running instances reached (1)
Execution of job "PipelineRunner.run_schedule_pipeline (trigger: interval[0:05:00], next run at: 2026-09-05 03:19:53 IST)" skipped: maximum number of running instances reached (1)
Execution of job "PipelineRunner.run_schedule_pipeline (trigger: interval[0:05:00], next run at: 2026-09-05 03:24:53 IST)" skipped: maximum number of running instances reached (1)
Execution of job "PipelineRunner.run_schedule_pipeline (trigger: interval[0:05:00], next run at: 2026-09-05 03:29:53 IST)" skipped: maximum number of running instances reached (1)
Execution of job "PipelineRunner.run_schedule_pipeline (trigger: interval[0:05:00], next run at: 2026-09-05 03:34:53 IST)" skipped: maximum number of running instances reached (1)
Execution of job "PipelineRunner.run_schedule_pipeline (trigger: interval[0:05:00], next run at: 2026-09-05 03:39:53 IST)" skipped: maximum number of running instances reached (1)
Execution of job "PipelineRunner.run_schedule_pipeline (trigger: interval[0:05:00], next run at: 2026-09-05 03:44:53 IST)" skipped: maximum number of running instances reached (1)
Execution of job "PipelineRunner.run_schedule_pipeline (trigger: interval[0:05:00], next run at: 2026-09-05 03:49:53 IST)" skipped: maximum number of running instances reached (1)
Execution of job "PipelineRunner.run_schedule_pipeline (trigger: interval[0:05:00], next run at: 2026-09-05 03:54:53 IST)" skipped: maximum number of running instances reached (1)
Execution of job "PipelineRunner.run_schedule_pipeline (trigger: interval[0:05:00], next run at: 2026-09-05 03:59:53 IST)" skipped: maximum number of running instances reached (1)
Execution of job "PipelineRunner.run_schedule_pipeline (trigger: interval[0:05:00], next run at: 2026-09-05 04:04:53 IST)" skipped: maximum number of running instances reached (1)
Execution of job "PipelineRunner.run_schedule_pipeline (trigger: interval[0:05:00], next run at: 2026-09-05 04:09:53 IST)" skipped: maximum number of running instances reached (1)
Execution of job "PipelineRunner.run_schedule_pipeline (trigger: interval[0:05:00], next run at: 2026-09-05 04:14:53 IST)" skipped: maximum number of running instances reached (1)
Execution of job "PipelineRunner.run_schedule_pipeline (trigger: interval[0:05:00], next run at: 2026-09-05 04:19:53 IST)" skipped: maximum number of running instances reached (1)
Execution of job "PipelineRunner.run_schedule_pipeline (trigger: interval[0:05:00], next run at: 2026-09-05 04:24:53 IST)" skipped: maximum number of running instances reached (1)
Execution of job "PipelineRunner.run_schedule_pipeline (trigger: interval[0:05:00], next run at: 2026-09-05 04:29:53 IST)" skipped: maximum number of running instances reached (1)
Execution of job "PipelineRunner.run_schedule_pipeline (trigger: interval[0:05:00], next run at: 2026-09-05 04:34:53 IST)" skipped: maximum number of running instances reached (1)
Execution of job "PipelineRunner.run_schedule_pipeline (trigger: interval[0:05:00], next run at: 2026-09-05 04:39:53 IST)" skipped: maximum number of running instances reached (1)
Execution of job "PipelineRunner.run_schedule_pipeline (trigger: interval[0:05:00], next run at: 2026-09-05 04:44:53 IST)" skipped: maximum number of running instances reached (1)
Execution of job "PipelineRunner.run_schedule_pipeline (trigger: interval[0:05:00], next run at: 2026-09-05 04:49:53 IST)" skipped: maximum number of running instances reached (1)
Execution of job "PipelineRunner.run_schedule_pipeline (trigger: interval[0:05:00], next run at: 2026-09-05 04:54:53 IST)" skipped: maximum number of running instances reached (1)
Execution of job "PipelineRunner.run_schedule_pipeline (trigger: interval[0:05:00], next run at: 2026-09-05 04:59:53 IST)" skipped: maximum number of running instances reached (1)
Execution of job "PipelineRunner.run_schedule_pipeline (trigger: interval[0:05:00], next run at: 2026-09-05 05:04:53 IST)" skipped: maximum number of running instances reached (1)
Execution of job "PipelineRunner.run_schedule_pipeline (trigger: interval[0:05:00], next run at: 2026-09-05 05:09:53 IST)" skipped: maximum number of running instances reached (1)
Execution of job "PipelineRunner.run_schedule_pipeline (trigger: interval[0:05:00], next run at: 2026-09-05 05:14:53 IST)" skipped: maximum number of running instances reached (1)
Execution of job "PipelineRunner.run_schedule_pipeline (trigger: interval[0:05:00], next run at: 2026-09-05 05:19:53 IST)" skipped: maximum number of running instances reached (1)
Execution of job "PipelineRunner.run_schedule_pipeline (trigger: interval[0:05:00], next run at: 2026-09-05 05:24:53 IST)" skipped: maximum number of running instances reached (1)
Execution of job "PipelineRunner.run_schedule_pipeline (trigger: interval[0:05:00], next run at: 2026-09-05 05:29:53 IST)" skipped: maximum number of running instances reached (1)
Execution of job "PipelineRunner.run_schedule_pipeline (trigger: interval[0:05:00], next run at: 2026-09-05 05:34:53 IST)" skipped: maximum number of running instances reached (1)
Execution of job "PipelineRunner.run_schedule_pipeline (trigger: interval[0:05:00], next run at: 2026-09-05 05:39:53 IST)" skipped: maximum number of running instances reached (1)
Execution of job "PipelineRunner.run_schedule_pipeline (trigger: interval[0:05:00], next run at: 2026-09-05 05:44:53 IST)" skipped: maximum number of running instances reached (1)
Execution of job "PipelineRunner.run_schedule_pipeline (trigger: interval[0:05:00], next run at: 2026-09-05 05:49:53 IST)" skipped: maximum number of running instances reached (1)
Execution of job "PipelineRunner.run_schedule_pipeline (trigger: interval[0:05:00], next run at: 2026-09-05 05:54:53 IST)" skipped: maximum number of running instances reached (1)
Execution of job "PipelineRunner.run_schedule_pipeline (trigger: interval[0:05:00], next run at: 2026-09-05 05:59:53 IST)" skipped: maximum number of running instances reached (1)
Execution of job "PipelineRunner.run_schedule_pipeline (trigger: interval[0:05:00], next run at: 2026-09-05 06:04:53 IST)" skipped: maximum number of running instances reached (1)
Execution of job "PipelineRunner.run_schedule_pipeline (trigger: interval[0:05:00], next run at: 2026-09-05 06:09:53 IST)" skipped: maximum number of running instances reached (1)
Execution of job "PipelineRunner.run_schedule_pipeline (trigger: interval[0:05:00], next run at: 2026-09-05 06:14:53 IST)" skipped: maximum number of running instances reached (1)
Execution of job "PipelineRunner.run_schedule_pipeline (trigger: interval[0:05:00], next run at: 2026-09-05 06:19:53 IST)" skipped: maximum number of running instances reached (1)
Execution of job "PipelineRunner.run_schedule_pipeline (trigger: interval[0:05:00], next run at: 2026-09-05 06:24:53 IST)" skipped: maximum number of running instances reached (1)
Execution of job "PipelineRunner.run_schedule_pipeline (trigger: interval[0:05:00], next run at: 2026-09-05 06:29:53 IST)" skipped: maximum number of running instances reached (1)
Execution of job "PipelineRunner.run_schedule_pipeline (trigger: interval[0:05:00], next run at: 2026-09-05 06:34:53 IST)" skipped: maximum number of running instances reached (1)
Execution of job "PipelineRunner.run_schedule_pipeline (trigger: interval[0:05:00], next run at: 2026-09-05 06:39:53 IST)" skipped: maximum number of running instances reached (1)
Execution of job "PipelineRunner.run_schedule_pipeline (trigger: interval[0:05:00], next run at: 2026-09-05 06:44:53 IST)" skipped: maximum number of running instances reached (1)
Execution of job "PipelineRunner.run_schedule_pipeline (trigger: interval[0:05:00], next run at: 2026-09-05 06:49:53 IST)" skipped: maximum number of running instances reached (1)
Execution of job "PipelineRunner.run_schedule_pipeline (trigger: interval[0:05:00], next run at: 2026-09-05 06:54:53 IST)" skipped: maximum number of running instances reached (1)
Execution of job "PipelineRunner.run_schedule_pipeline (trigger: interval[0:05:00], next run at: 2026-09-05 06:59:53 IST)" skipped: maximum number of running instances reached (1)
Execution of job "PipelineRunner.run_schedule_pipeline (trigger: interval[0:05:00], next run at: 2026-09-05 07:04:53 IST)" skipped: maximum number of running instances reached (1)
Execution of job "PipelineRunner.run_schedule_pipeline (trigger: interval[0:05:00], next run at: 2026-09-05 07:09:53 IST)" skipped: maximum number of running instances reached (1)
Execution of job "PipelineRunner.run_schedule_pipeline (trigger: interval[0:05:00], next run at: 2026-09-05 07:14:53 IST)" skipped: maximum number of running instances reached (1)
Execution of job "PipelineRunner.run_schedule_pipeline (trigger: interval[0:05:00], next run at: 2026-09-05 07:19:53 IST)" skipped: maximum number of running instances reached (1)
Execution of job "PipelineRunner.run_schedule_pipeline (trigger: interval[0:05:00], next run at: 2026-09-05 07:24:53 IST)" skipped: maximum number of running instances reached (1)
Execution of job "PipelineRunner.run_schedule_pipeline (trigger: interval[0:05:00], next run at: 2026-09-05 07:29:53 IST)" skipped: maximum number of running instances reached (1)
Job "run_dso_shared_folder_sync (trigger: cron[hour='7', minute='30'], next run at: 2026-09-06 07:30:00 IST)" raised an exception
Traceback (most recent call last):
  File "D:\RTG-project\.venv\Lib\site-packages\apscheduler\executors\base.py", line 131, in run_job
    retval = job.func(*job.args, **job.kwargs)
  File "D:\RTG-project\backend\scheduler\jobs.py", line 36, in run_dso_shared_folder_sync
    result = sync_dso_report_from_folder(
        report_type=report_type,
        report_date=report_day.isoformat(),
        overwrite=True,
    )
  File "D:\RTG-project\backend\routes\dso_report_routes.py", line 917, in sync_dso_report_from_folder
    source_file = expected_dso_source_file(report_type, report_date)
  File "D:\RTG-project\backend\routes\dso_report_routes.py", line 905, in expected_dso_source_file
    raise FileNotFoundError(
        f"Expected source file was not found in {folder}: {base_name}.xlsx"
    )
FileNotFoundError: Expected source file was not found in \\10.3.95.200\HTTP-Access\ScadaData\DSO_reports: DSO_Morning_report_05092026.xlsx
Execution of job "PipelineRunner.run_schedule_pipeline (trigger: interval[0:05:00], next run at: 2026-09-05 07:34:53 IST)" skipped: maximum number of running instances reached (1)
Execution of job "PipelineRunner.run_schedule_pipeline (trigger: interval[0:05:00], next run at: 2026-09-05 07:39:53 IST)" skipped: maximum number of running instances reached (1)
Execution of job "PipelineRunner.run_schedule_pipeline (trigger: interval[0:05:00], next run at: 2026-09-05 07:44:53 IST)" skipped: maximum number of running instances reached (1)
Execution of job "PipelineRunner.run_schedule_pipeline (trigger: interval[0:05:00], next run at: 2026-09-05 07:49:53 IST)" skipped: maximum number of running instances reached (1)
Execution of job "PipelineRunner.run_schedule_pipeline (trigger: interval[0:05:00], next run at: 2026-09-05 07:54:53 IST)" skipped: maximum number of running instances reached (1)
Execution of job "PipelineRunner.run_schedule_pipeline (trigger: interval[0:05:00], next run at: 2026-09-05 07:59:53 IST)" skipped: maximum number of running instances reached (1)
Execution of job "PipelineRunner.run_schedule_pipeline (trigger: interval[0:05:00], next run at: 2026-09-05 08:04:53 IST)" skipped: maximum number of running instances reached (1)
Execution of job "PipelineRunner.run_schedule_pipeline (trigger: interval[0:05:00], next run at: 2026-09-05 08:09:53 IST)" skipped: maximum number of running instances reached (1)
Execution of job "PipelineRunner.run_schedule_pipeline (trigger: interval[0:05:00], next run at: 2026-09-05 08:14:53 IST)" skipped: maximum number of running instances reached (1)
Execution of job "PipelineRunner.run_schedule_pipeline (trigger: interval[0:05:00], next run at: 2026-09-05 08:19:53 IST)" skipped: maximum number of running instances reached (1)
Execution of job "PipelineRunner.run_schedule_pipeline (trigger: interval[0:05:00], next run at: 2026-09-05 08:24:53 IST)" skipped: maximum number of running instances reached (1)
Execution of job "PipelineRunner.run_schedule_pipeline (trigger: interval[0:05:00], next run at: 2026-09-05 08:29:53 IST)" skipped: maximum number of running instances reached (1)
Execution of job "PipelineRunner.run_schedule_pipeline (trigger: interval[0:05:00], next run at: 2026-09-05 08:34:53 IST)" skipped: maximum number of running instances reached (1)
Execution of job "PipelineRunner.run_schedule_pipeline (trigger: interval[0:05:00], next run at: 2026-09-05 08:39:53 IST)" skipped: maximum number of running instances reached (1)
Execution of job "PipelineRunner.run_schedule_pipeline (trigger: interval[0:05:00], next run at: 2026-09-05 08:44:53 IST)" skipped: maximum number of running instances reached (1)
Execution of job "PipelineRunner.run_schedule_pipeline (trigger: interval[0:05:00], next run at: 2026-09-05 08:49:53 IST)" skipped: maximum number of running instances reached (1)
Execution of job "PipelineRunner.run_schedule_pipeline (trigger: interval[0:05:00], next run at: 2026-09-05 08:54:53 IST)" skipped: maximum number of running instances reached (1)
Execution of job "PipelineRunner.run_schedule_pipeline (trigger: interval[0:05:00], next run at: 2026-09-05 08:59:53 IST)" skipped: maximum number of running instances reached (1)
Execution of job "PipelineRunner.run_schedule_pipeline (trigger: interval[0:05:00], next run at: 2026-09-05 09:04:53 IST)" skipped: maximum number of running instances reached (1)
Execution of job "PipelineRunner.run_schedule_pipeline (trigger: interval[0:05:00], next run at: 2026-09-05 09:09:53 IST)" skipped: maximum number of running instances reached (1)
Execution of job "PipelineRunner.run_schedule_pipeline (trigger: interval[0:05:00], next run at: 2026-09-05 09:14:53 IST)" skipped: maximum number of running instances reached (1)
Execution of job "PipelineRunner.run_schedule_pipeline (trigger: interval[0:05:00], next run at: 2026-09-05 09:19:53 IST)" skipped: maximum number of running instances reached (1)
Execution of job "PipelineRunner.run_schedule_pipeline (trigger: interval[0:05:00], next run at: 2026-09-05 09:24:53 IST)" skipped: maximum number of running instances reached (1)
Execution of job "PipelineRunner.run_schedule_pipeline (trigger: interval[0:05:00], next run at: 2026-09-05 09:29:53 IST)" skipped: maximum number of running instances reached (1)
Execution of job "PipelineRunner.run_schedule_pipeline (trigger: interval[0:05:00], next run at: 2026-09-05 09:34:53 IST)" skipped: maximum number of running instances reached (1)
Execution of job "PipelineRunner.run_schedule_pipeline (trigger: interval[0:05:00], next run at: 2026-09-05 09:39:53 IST)" skipped: maximum number of running instances reached (1)
Execution of job "PipelineRunner.run_schedule_pipeline (trigger: interval[0:05:00], next run at: 2026-09-05 09:44:53 IST)" skipped: maximum number of running instances reached (1)
Execution of job "PipelineRunner.run_schedule_pipeline (trigger: interval[0:05:00], next run at: 2026-09-05 09:49:53 IST)" skipped: maximum number of running instances reached (1)
Execution of job "PipelineRunner.run_schedule_pipeline (trigger: interval[0:05:00], next run at: 2026-09-05 09:54:53 IST)" skipped: maximum number of running instances reached (1)
Execution of job "PipelineRunner.run_schedule_pipeline (trigger: interval[0:05:00], next run at: 2026-09-05 09:59:53 IST)" skipped: maximum number of running instances reached (1)
Execution of job "PipelineRunner.run_schedule_pipeline (trigger: interval[0:05:00], next run at: 2026-09-05 10:04:53 IST)" skipped: maximum number of running instances reached (1)
Execution of job "PipelineRunner.run_schedule_pipeline (trigger: interval[0:05:00], next run at: 2026-09-05 10:09:53 IST)" skipped: maximum number of running instances reached (1)
Execution of job "PipelineRunner.run_schedule_pipeline (trigger: interval[0:05:00], next run at: 2026-09-05 10:14:53 IST)" skipped: maximum number of running instances reached (1)
Execution of job "PipelineRunner.run_schedule_pipeline (trigger: interval[0:05:00], next run at: 2026-09-05 10:19:53 IST)" skipped: maximum number of running instances reached (1)
Execution of job "PipelineRunner.run_schedule_pipeline (trigger: interval[0:05:00], next run at: 2026-09-05 10:24:53 IST)" skipped: maximum number of running instances reached (1)
Execution of job "PipelineRunner.run_schedule_pipeline (trigger: interval[0:05:00], next run at: 2026-09-05 10:29:53 IST)" skipped: maximum number of running instances reached (1)
Execution of job "PipelineRunner.run_schedule_pipeline (trigger: interval[0:05:00], next run at: 2026-09-05 10:34:53 IST)" skipped: maximum number of running instances reached (1)
Execution of job "PipelineRunner.run_schedule_pipeline (trigger: interval[0:05:00], next run at: 2026-09-05 10:39:53 IST)" skipped: maximum number of running instances reached (1)
Execution of job "PipelineRunner.run_schedule_pipeline (trigger: interval[0:05:00], next run at: 2026-09-05 10:44:53 IST)" skipped: maximum number of running instances reached (1)
Execution of job "PipelineRunner.run_schedule_pipeline (trigger: interval[0:05:00], next run at: 2026-09-05 10:49:53 IST)" skipped: maximum number of running instances reached (1)
Execution of job "PipelineRunner.run_schedule_pipeline (trigger: interval[0:05:00], next run at: 2026-09-05 10:54:53 IST)" skipped: maximum number of running instances reached (1)
Execution of job "PipelineRunner.run_schedule_pipeline (trigger: interval[0:05:00], next run at: 2026-09-05 10:59:53 IST)" skipped: maximum number of running instances reached (1)
Execution of job "PipelineRunner.run_schedule_pipeline (trigger: interval[0:05:00], next run at: 2026-09-05 11:04:53 IST)" skipped: maximum number of running instances reached (1)
Execution of job "PipelineRunner.run_schedule_pipeline (trigger: interval[0:05:00], next run at: 2026-09-05 11:09:53 IST)" skipped: maximum number of running instances reached (1)
Execution of job "PipelineRunner.run_schedule_pipeline (trigger: interval[0:05:00], next run at: 2026-09-05 11:14:53 IST)" skipped: maximum number of running instances reached (1)
Execution of job "PipelineRunner.run_schedule_pipeline (trigger: interval[0:05:00], next run at: 2026-09-05 11:19:53 IST)" skipped: maximum number of running instances reached (1)
Execution of job "PipelineRunner.run_schedule_pipeline (trigger: interval[0:05:00], next run at: 2026-09-05 11:24:53 IST)" skipped: maximum number of running instances reached (1)
Execution of job "PipelineRunner.run_schedule_pipeline (trigger: interval[0:05:00], next run at: 2026-09-05 11:29:53 IST)" skipped: maximum number of running instances reached (1)
Job "run_er_plant_deviation_sync (trigger: cron[hour='11', minute='30'], next run at: 2026-09-06 11:30:00 IST)" raised an exception
Traceback (most recent call last):
  File "D:\RTG-project\.venv\Lib\site-packages\apscheduler\executors\base.py", line 131, in run_job
    retval = job.func(*job.args, **job.kwargs)
  File "D:\RTG-project\backend\scheduler\jobs.py", line 68, in run_er_plant_deviation_sync
    result = sync_er_day_ahead_report(report_date)
  File "D:\RTG-project\backend\routes\plant_deviation_routes.py", line 481, in sync_er_day_ahead_report
    report = _day_ahead_thermal_report(selected_date.isoformat(), force_refresh=True)
  File "D:\RTG-project\backend\routes\plant_deviation_routes.py", line 131, in _day_ahead_thermal_report
    raise HTTPException(
    ...<2 lines>...
    )
fastapi.exceptions.HTTPException: 404: Day-ahead MOP file not found: ER_Plantwise Deviation from IC_05-09-2026.xlsx
Execution of job "PipelineRunner.run_schedule_pipeline (trigger: interval[0:05:00], next run at: 2026-09-05 11:34:53 IST)" skipped: maximum number of running instances reached (1)
Execution of job "PipelineRunner.run_schedule_pipeline (trigger: interval[0:05:00], next run at: 2026-09-05 11:39:53 IST)" skipped: maximum number of running instances reached (1)
Execution of job "PipelineRunner.run_schedule_pipeline (trigger: interval[0:05:00], next run at: 2026-09-05 11:44:53 IST)" skipped: maximum number of running instances reached (1)
Execution of job "PipelineRunner.run_schedule_pipeline (trigger: interval[0:05:00], next run at: 2026-09-05 11:49:53 IST)" skipped: maximum number of running instances reached (1)
Execution of job "PipelineRunner.run_schedule_pipeline (trigger: interval[0:05:00], next run at: 2026-09-05 11:54:53 IST)" skipped: maximum number of running instances reached (1)
Execution of job "PipelineRunner.run_schedule_pipeline (trigger: interval[0:05:00], next run at: 2026-09-05 11:59:53 IST)" skipped: maximum number of running instances reached (1)
Execution of job "PipelineRunner.run_schedule_pipeline (trigger: interval[0:05:00], next run at: 2026-09-05 12:04:53 IST)" skipped: maximum number of running instances reached (1)
Execution of job "PipelineRunner.run_schedule_pipeline (trigger: interval[0:05:00], next run at: 2026-09-05 12:09:53 IST)" skipped: maximum number of running instances reached (1)
Execution of job "PipelineRunner.run_schedule_pipeline (trigger: interval[0:05:00], next run at: 2026-09-05 12:14:53 IST)" skipped: maximum number of running instances reached (1)
Execution of job "PipelineRunner.run_schedule_pipeline (trigger: interval[0:05:00], next run at: 2026-09-05 12:19:53 IST)" skipped: maximum number of running instances reached (1)
Execution of job "PipelineRunner.run_schedule_pipeline (trigger: interval[0:05:00], next run at: 2026-09-05 12:24:53 IST)" skipped: maximum number of running instances reached (1)
Execution of job "PipelineRunner.run_schedule_pipeline (trigger: interval[0:05:00], next run at: 2026-09-05 12:29:53 IST)" skipped: maximum number of running instances reached (1)
Execution of job "PipelineRunner.run_schedule_pipeline (trigger: interval[0:05:00], next run at: 2026-09-05 12:34:53 IST)" skipped: maximum number of running instances reached (1)
Execution of job "PipelineRunner.run_schedule_pipeline (trigger: interval[0:05:00], next run at: 2026-09-05 12:39:53 IST)" skipped: maximum number of running instances reached (1)
Execution of job "PipelineRunner.run_schedule_pipeline (trigger: interval[0:05:00], next run at: 2026-09-05 12:44:53 IST)" skipped: maximum number of running instances reached (1)
Execution of job "PipelineRunner.run_schedule_pipeline (trigger: interval[0:05:00], next run at: 2026-09-05 12:49:53 IST)" skipped: maximum number of running instances reached (1)
Execution of job "PipelineRunner.run_schedule_pipeline (trigger: interval[0:05:00], next run at: 2026-09-05 12:54:53 IST)" skipped: maximum number of running instances reached (1)
Execution of job "PipelineRunner.run_schedule_pipeline (trigger: interval[0:05:00], next run at: 2026-09-05 12:59:53 IST)" skipped: maximum number of running instances reached (1)
Execution of job "PipelineRunner.run_schedule_pipeline (trigger: interval[0:05:00], next run at: 2026-09-05 13:04:53 IST)" skipped: maximum number of running instances reached (1)
Execution of job "PipelineRunner.run_schedule_pipeline (trigger: interval[0:05:00], next run at: 2026-09-05 13:09:53 IST)" skipped: maximum number of running instances reached (1)
Execution of job "PipelineRunner.run_schedule_pipeline (trigger: interval[0:05:00], next run at: 2026-09-05 13:14:53 IST)" skipped: maximum number of running instances reached (1)
Execution of job "PipelineRunner.run_schedule_pipeline (trigger: interval[0:05:00], next run at: 2026-09-05 13:19:53 IST)" skipped: maximum number of running instances reached (1)
Execution of job "PipelineRunner.run_schedule_pipeline (trigger: interval[0:05:00], next run at: 2026-09-05 13:24:53 IST)" skipped: maximum number of running instances reached (1)
Execution of job "PipelineRunner.run_schedule_pipeline (trigger: interval[0:05:00], next run at: 2026-09-05 13:29:53 IST)" skipped: maximum number of running instances reached (1)
Execution of job "PipelineRunner.run_schedule_pipeline (trigger: interval[0:05:00], next run at: 2026-09-05 13:34:53 IST)" skipped: maximum number of running instances reached (1)
Execution of job "PipelineRunner.run_schedule_pipeline (trigger: interval[0:05:00], next run at: 2026-09-05 13:39:53 IST)" skipped: maximum number of running instances reached (1)
Execution of job "PipelineRunner.run_schedule_pipeline (trigger: interval[0:05:00], next run at: 2026-09-05 13:44:53 IST)" skipped: maximum number of running instances reached (1)
Execution of job "PipelineRunner.run_schedule_pipeline (trigger: interval[0:05:00], next run at: 2026-09-05 13:49:53 IST)" skipped: maximum number of running instances reached (1)
Execution of job "PipelineRunner.run_schedule_pipeline (trigger: interval[0:05:00], next run at: 2026-09-05 13:54:53 IST)" skipped: maximum number of running instances reached (1)
Execution of job "PipelineRunner.run_schedule_pipeline (trigger: interval[0:05:00], next run at: 2026-09-05 13:59:53 IST)" skipped: maximum number of running instances reached (1)
Execution of job "PipelineRunner.run_schedule_pipeline (trigger: interval[0:05:00], next run at: 2026-09-05 14:04:53 IST)" skipped: maximum number of running instances reached (1)
Execution of job "PipelineRunner.run_schedule_pipeline (trigger: interval[0:05:00], next run at: 2026-09-05 14:09:53 IST)" skipped: maximum number of running instances reached (1)
Execution of job "PipelineRunner.run_schedule_pipeline (trigger: interval[0:05:00], next run at: 2026-09-05 14:14:53 IST)" skipped: maximum number of running instances reached (1)
Execution of job "PipelineRunner.run_schedule_pipeline (trigger: interval[0:05:00], next run at: 2026-09-05 14:19:53 IST)" skipped: maximum number of running instances reached (1)
Execution of job "PipelineRunner.run_schedule_pipeline (trigger: interval[0:05:00], next run at: 2026-09-05 14:24:53 IST)" skipped: maximum number of running instances reached (1)
Execution of job "PipelineRunner.run_schedule_pipeline (trigger: interval[0:05:00], next run at: 2026-09-05 14:29:53 IST)" skipped: maximum number of running instances reached (1)
Execution of job "PipelineRunner.run_schedule_pipeline (trigger: interval[0:05:00], next run at: 2026-09-05 14:34:53 IST)" skipped: maximum number of running instances reached (1)
Execution of job "PipelineRunner.run_schedule_pipeline (trigger: interval[0:05:00], next run at: 2026-09-05 14:39:53 IST)" skipped: maximum number of running instances reached (1)
Execution of job "PipelineRunner.run_schedule_pipeline (trigger: interval[0:05:00], next run at: 2026-09-05 14:44:53 IST)" skipped: maximum number of running instances reached (1)
Execution of job "PipelineRunner.run_schedule_pipeline (trigger: interval[0:05:00], next run at: 2026-09-05 14:49:53 IST)" skipped: maximum number of running instances reached (1)
Execution of job "PipelineRunner.run_schedule_pipeline (trigger: interval[0:05:00], next run at: 2026-09-05 14:54:53 IST)" skipped: maximum number of running instances reached (1)
Execution of job "PipelineRunner.run_schedule_pipeline (trigger: interval[0:05:00], next run at: 2026-09-05 14:59:53 IST)" skipped: maximum number of running instances reached (1)
Execution of job "PipelineRunner.run_schedule_pipeline (trigger: interval[0:05:00], next run at: 2026-09-05 15:04:53 IST)" skipped: maximum number of running instances reached (1)
Execution of job "PipelineRunner.run_schedule_pipeline (trigger: interval[0:05:00], next run at: 2026-09-05 15:09:53 IST)" skipped: maximum number of running instances reached (1)
Execution of job "PipelineRunner.run_schedule_pipeline (trigger: interval[0:05:00], next run at: 2026-09-05 15:14:53 IST)" skipped: maximum number of running instances reached (1)
Execution of job "PipelineRunner.run_schedule_pipeline (trigger: interval[0:05:00], next run at: 2026-09-05 15:19:53 IST)" skipped: maximum number of running instances reached (1)
Execution of job "PipelineRunner.run_schedule_pipeline (trigger: interval[0:05:00], next run at: 2026-09-05 15:24:53 IST)" skipped: maximum number of running instances reached (1)
Execution of job "PipelineRunner.run_schedule_pipeline (trigger: interval[0:05:00], next run at: 2026-09-05 15:29:53 IST)" skipped: maximum number of running instances reached (1)
Execution of job "PipelineRunner.run_schedule_pipeline (trigger: interval[0:05:00], next run at: 2026-09-05 15:34:53 IST)" skipped: maximum number of running instances reached (1)
Execution of job "PipelineRunner.run_schedule_pipeline (trigger: interval[0:05:00], next run at: 2026-09-05 15:39:53 IST)" skipped: maximum number of running instances reached (1)
Execution of job "PipelineRunner.run_schedule_pipeline (trigger: interval[0:05:00], next run at: 2026-09-05 15:44:53 IST)" skipped: maximum number of running instances reached (1)
Execution of job "PipelineRunner.run_schedule_pipeline (trigger: interval[0:05:00], next run at: 2026-09-05 15:49:53 IST)" skipped: maximum number of running instances reached (1)
Execution of job "PipelineRunner.run_schedule_pipeline (trigger: interval[0:05:00], next run at: 2026-09-05 15:54:53 IST)" skipped: maximum number of running instances reached (1)
Execution of job "PipelineRunner.run_schedule_pipeline (trigger: interval[0:05:00], next run at: 2026-09-05 15:59:53 IST)" skipped: maximum number of running instances reached (1)
Execution of job "PipelineRunner.run_schedule_pipeline (trigger: interval[0:05:00], next run at: 2026-09-05 16:04:53 IST)" skipped: maximum number of running instances reached (1)
Execution of job "PipelineRunner.run_schedule_pipeline (trigger: interval[0:05:00], next run at: 2026-09-05 16:09:53 IST)" skipped: maximum number of running instances reached (1)
Execution of job "PipelineRunner.run_schedule_pipeline (trigger: interval[0:05:00], next run at: 2026-09-05 16:14:53 IST)" skipped: maximum number of running instances reached (1)
Execution of job "PipelineRunner.run_schedule_pipeline (trigger: interval[0:05:00], next run at: 2026-09-05 16:19:53 IST)" skipped: maximum number of running instances reached (1)
Execution of job "PipelineRunner.run_schedule_pipeline (trigger: interval[0:05:00], next run at: 2026-09-05 16:24:53 IST)" skipped: maximum number of running instances reached (1)
Execution of job "PipelineRunner.run_schedule_pipeline (trigger: interval[0:05:00], next run at: 2026-09-05 16:29:53 IST)" skipped: maximum number of running instances reached (1)
Execution of job "PipelineRunner.run_schedule_pipeline (trigger: interval[0:05:00], next run at: 2026-09-05 16:34:53 IST)" skipped: maximum number of running instances reached (1)
Execution of job "PipelineRunner.run_schedule_pipeline (trigger: interval[0:05:00], next run at: 2026-09-05 16:39:53 IST)" skipped: maximum number of running instances reached (1)
Execution of job "PipelineRunner.run_schedule_pipeline (trigger: interval[0:05:00], next run at: 2026-09-05 16:44:53 IST)" skipped: maximum number of running instances reached (1)
Execution of job "PipelineRunner.run_schedule_pipeline (trigger: interval[0:05:00], next run at: 2026-09-05 16:49:53 IST)" skipped: maximum number of running instances reached (1)
Execution of job "PipelineRunner.run_schedule_pipeline (trigger: interval[0:05:00], next run at: 2026-09-05 16:54:53 IST)" skipped: maximum number of running instances reached (1)
Execution of job "PipelineRunner.run_schedule_pipeline (trigger: interval[0:05:00], next run at: 2026-09-05 16:59:53 IST)" skipped: maximum number of running instances reached (1)
Execution of job "PipelineRunner.run_schedule_pipeline (trigger: interval[0:05:00], next run at: 2026-09-05 17:04:53 IST)" skipped: maximum number of running instances reached (1)
Execution of job "PipelineRunner.run_schedule_pipeline (trigger: interval[0:05:00], next run at: 2026-09-05 17:09:53 IST)" skipped: maximum number of running instances reached (1)
Execution of job "PipelineRunner.run_schedule_pipeline (trigger: interval[0:05:00], next run at: 2026-09-05 17:14:53 IST)" skipped: maximum number of running instances reached (1)
Execution of job "PipelineRunner.run_schedule_pipeline (trigger: interval[0:05:00], next run at: 2026-09-05 17:19:53 IST)" skipped: maximum number of running instances reached (1)
Execution of job "PipelineRunner.run_schedule_pipeline (trigger: interval[0:05:00], next run at: 2026-09-05 17:24:53 IST)" skipped: maximum number of running instances reached (1)
Execution of job "PipelineRunner.run_schedule_pipeline (trigger: interval[0:05:00], next run at: 2026-09-05 17:29:53 IST)" skipped: maximum number of running instances reached (1)
Job "run_dso_shared_folder_sync (trigger: cron[hour='17', minute='30'], next run at: 2026-09-06 17:30:00 IST)" raised an exception
Traceback (most recent call last):
  File "D:\RTG-project\.venv\Lib\site-packages\apscheduler\executors\base.py", line 131, in run_job
    retval = job.func(*job.args, **job.kwargs)
  File "D:\RTG-project\backend\scheduler\jobs.py", line 36, in run_dso_shared_folder_sync
    result = sync_dso_report_from_folder(
        report_type=report_type,
        report_date=report_day.isoformat(),
        overwrite=True,
    )
  File "D:\RTG-project\backend\routes\dso_report_routes.py", line 917, in sync_dso_report_from_folder
    source_file = expected_dso_source_file(report_type, report_date)
  File "D:\RTG-project\backend\routes\dso_report_routes.py", line 905, in expected_dso_source_file
    raise FileNotFoundError(
        f"Expected source file was not found in {folder}: {base_name}.xlsx"
    )
FileNotFoundError: Expected source file was not found in \\10.3.95.200\HTTP-Access\ScadaData\DSO_reports: SCHD_ACT_05092026.xlsx
Execution of job "PipelineRunner.run_schedule_pipeline (trigger: interval[0:05:00], next run at: 2026-09-05 17:34:53 IST)" skipped: maximum number of running instances reached (1)
Execution of job "PipelineRunner.run_schedule_pipeline (trigger: interval[0:05:00], next run at: 2026-09-05 17:39:53 IST)" skipped: maximum number of running instances reached (1)
Execution of job "PipelineRunner.run_schedule_pipeline (trigger: interval[0:05:00], next run at: 2026-09-05 17:44:53 IST)" skipped: maximum number of running instances reached (1)
Execution of job "PipelineRunner.run_schedule_pipeline (trigger: interval[0:05:00], next run at: 2026-09-05 17:49:53 IST)" skipped: maximum number of running instances reached (1)
Execution of job "PipelineRunner.run_schedule_pipeline (trigger: interval[0:05:00], next run at: 2026-09-05 17:54:53 IST)" skipped: maximum number of running instances reached (1)
Execution of job "PipelineRunner.run_schedule_pipeline (trigger: interval[0:05:00], next run at: 2026-09-05 17:59:53 IST)" skipped: maximum number of running instances reached (1)
Execution of job "PipelineRunner.run_schedule_pipeline (trigger: interval[0:05:00], next run at: 2026-09-05 18:04:53 IST)" skipped: maximum number of running instances reached (1)
Execution of job "PipelineRunner.run_schedule_pipeline (trigger: interval[0:05:00], next run at: 2026-09-05 18:09:53 IST)" skipped: maximum number of running instances reached (1)
Execution of job "PipelineRunner.run_schedule_pipeline (trigger: interval[0:05:00], next run at: 2026-09-05 18:14:53 IST)" skipped: maximum number of running instances reached (1)
Execution of job "PipelineRunner.run_schedule_pipeline (trigger: interval[0:05:00], next run at: 2026-09-05 18:19:53 IST)" skipped: maximum number of running instances reached (1)
Execution of job "PipelineRunner.run_schedule_pipeline (trigger: interval[0:05:00], next run at: 2026-09-05 18:24:53 IST)" skipped: maximum number of running instances reached (1)
Execution of job "PipelineRunner.run_schedule_pipeline (trigger: interval[0:05:00], next run at: 2026-09-05 18:29:53 IST)" skipped: maximum number of running instances reached (1)
Execution of job "PipelineRunner.run_schedule_pipeline (trigger: interval[0:05:00], next run at: 2026-09-05 18:34:53 IST)" skipped: maximum number of running instances reached (1)
Execution of job "PipelineRunner.run_schedule_pipeline (trigger: interval[0:05:00], next run at: 2026-09-05 18:39:53 IST)" skipped: maximum number of running instances reached (1)
Execution of job "PipelineRunner.run_schedule_pipeline (trigger: interval[0:05:00], next run at: 2026-09-05 18:44:53 IST)" skipped: maximum number of running instances reached (1)
Execution of job "PipelineRunner.run_schedule_pipeline (trigger: interval[0:05:00], next run at: 2026-09-05 18:49:53 IST)" skipped: maximum number of running instances reached (1)
Execution of job "PipelineRunner.run_schedule_pipeline (trigger: interval[0:05:00], next run at: 2026-09-05 18:54:53 IST)" skipped: maximum number of running instances reached (1)
Execution of job "PipelineRunner.run_schedule_pipeline (trigger: interval[0:05:00], next run at: 2026-09-05 18:59:53 IST)" skipped: maximum number of running instances reached (1)
Execution of job "PipelineRunner.run_schedule_pipeline (trigger: interval[0:05:00], next run at: 2026-09-05 19:04:53 IST)" skipped: maximum number of running instances reached (1)
Execution of job "PipelineRunner.run_schedule_pipeline (trigger: interval[0:05:00], next run at: 2026-09-05 19:09:53 IST)" skipped: maximum number of running instances reached (1)
Execution of job "PipelineRunner.run_schedule_pipeline (trigger: interval[0:05:00], next run at: 2026-09-05 19:14:53 IST)" skipped: maximum number of running instances reached (1)
Execution of job "PipelineRunner.run_schedule_pipeline (trigger: interval[0:05:00], next run at: 2026-09-05 19:19:53 IST)" skipped: maximum number of running instances reached (1)
Execution of job "PipelineRunner.run_schedule_pipeline (trigger: interval[0:05:00], next run at: 2026-09-05 19:24:53 IST)" skipped: maximum number of running instances reached (1)
Execution of job "PipelineRunner.run_schedule_pipeline (trigger: interval[0:05:00], next run at: 2026-09-05 19:29:53 IST)" skipped: maximum number of running instances reached (1)
Execution of job "PipelineRunner.run_schedule_pipeline (trigger: interval[0:05:00], next run at: 2026-09-05 19:34:53 IST)" skipped: maximum number of running instances reached (1)
Execution of job "PipelineRunner.run_schedule_pipeline (trigger: interval[0:05:00], next run at: 2026-09-05 19:39:53 IST)" skipped: maximum number of running instances reached (1)
Execution of job "PipelineRunner.run_schedule_pipeline (trigger: interval[0:05:00], next run at: 2026-09-05 19:44:53 IST)" skipped: maximum number of running instances reached (1)
Execution of job "PipelineRunner.run_schedule_pipeline (trigger: interval[0:05:00], next run at: 2026-09-05 19:49:53 IST)" skipped: maximum number of running instances reached (1)
Execution of job "PipelineRunner.run_schedule_pipeline (trigger: interval[0:05:00], next run at: 2026-09-05 19:54:53 IST)" skipped: maximum number of running instances reached (1)
Execution of job "PipelineRunner.run_schedule_pipeline (trigger: interval[0:05:00], next run at: 2026-09-05 19:59:53 IST)" skipped: maximum number of running instances reached (1)
Execution of job "PipelineRunner.run_schedule_pipeline (trigger: interval[0:05:00], next run at: 2026-09-05 20:04:53 IST)" skipped: maximum number of running instances reached (1)
Execution of job "PipelineRunner.run_schedule_pipeline (trigger: interval[0:05:00], next run at: 2026-09-05 20:09:53 IST)" skipped: maximum number of running instances reached (1)
Execution of job "PipelineRunner.run_schedule_pipeline (trigger: interval[0:05:00], next run at: 2026-09-05 20:14:53 IST)" skipped: maximum number of running instances reached (1)
Execution of job "PipelineRunner.run_schedule_pipeline (trigger: interval[0:05:00], next run at: 2026-09-05 20:19:53 IST)" skipped: maximum number of running instances reached (1)
Execution of job "PipelineRunner.run_schedule_pipeline (trigger: interval[0:05:00], next run at: 2026-09-05 20:24:53 IST)" skipped: maximum number of running instances reached (1)
Execution of job "PipelineRunner.run_schedule_pipeline (trigger: interval[0:05:00], next run at: 2026-09-05 20:29:53 IST)" skipped: maximum number of running instances reached (1)
Execution of job "PipelineRunner.run_schedule_pipeline (trigger: interval[0:05:00], next run at: 2026-09-05 20:34:53 IST)" skipped: maximum number of running instances reached (1)
Execution of job "PipelineRunner.run_schedule_pipeline (trigger: interval[0:05:00], next run at: 2026-09-05 20:39:53 IST)" skipped: maximum number of running instances reached (1)
Execution of job "PipelineRunner.run_schedule_pipeline (trigger: interval[0:05:00], next run at: 2026-09-05 20:44:53 IST)" skipped: maximum number of running instances reached (1)
Execution of job "PipelineRunner.run_schedule_pipeline (trigger: interval[0:05:00], next run at: 2026-09-05 20:49:53 IST)" skipped: maximum number of running instances reached (1)
Execution of job "PipelineRunner.run_schedule_pipeline (trigger: interval[0:05:00], next run at: 2026-09-05 20:54:53 IST)" skipped: maximum number of running instances reached (1)
Execution of job "PipelineRunner.run_schedule_pipeline (trigger: interval[0:05:00], next run at: 2026-09-05 20:59:53 IST)" skipped: maximum number of running instances reached (1)
Execution of job "PipelineRunner.run_schedule_pipeline (trigger: interval[0:05:00], next run at: 2026-09-05 21:04:53 IST)" skipped: maximum number of running instances reached (1)
Execution of job "PipelineRunner.run_schedule_pipeline (trigger: interval[0:05:00], next run at: 2026-09-05 21:09:53 IST)" skipped: maximum number of running instances reached (1)
Execution of job "PipelineRunner.run_schedule_pipeline (trigger: interval[0:05:00], next run at: 2026-09-05 21:14:53 IST)" skipped: maximum number of running instances reached (1)
Execution of job "PipelineRunner.run_schedule_pipeline (trigger: interval[0:05:00], next run at: 2026-09-05 21:19:53 IST)" skipped: maximum number of running instances reached (1)
Execution of job "PipelineRunner.run_schedule_pipeline (trigger: interval[0:05:00], next run at: 2026-09-05 21:24:53 IST)" skipped: maximum number of running instances reached (1)
Execution of job "PipelineRunner.run_schedule_pipeline (trigger: interval[0:05:00], next run at: 2026-09-05 21:29:53 IST)" skipped: maximum number of running instances reached (1)
Execution of job "PipelineRunner.run_schedule_pipeline (trigger: interval[0:05:00], next run at: 2026-09-05 21:34:53 IST)" skipped: maximum number of running instances reached (1)
Execution of job "PipelineRunner.run_schedule_pipeline (trigger: interval[0:05:00], next run at: 2026-09-05 21:39:53 IST)" skipped: maximum number of running instances reached (1)
Execution of job "PipelineRunner.run_schedule_pipeline (trigger: interval[0:05:00], next run at: 2026-09-05 21:44:53 IST)" skipped: maximum number of running instances reached (1)
Execution of job "PipelineRunner.run_schedule_pipeline (trigger: interval[0:05:00], next run at: 2026-09-05 21:49:53 IST)" skipped: maximum number of running instances reached (1)
Execution of job "PipelineRunner.run_schedule_pipeline (trigger: interval[0:05:00], next run at: 2026-09-05 21:54:53 IST)" skipped: maximum number of running instances reached (1)
Execution of job "PipelineRunner.run_schedule_pipeline (trigger: interval[0:05:00], next run at: 2026-09-05 21:59:53 IST)" skipped: maximum number of running instances reached (1)
Execution of job "PipelineRunner.run_schedule_pipeline (trigger: interval[0:05:00], next run at: 2026-09-05 22:04:53 IST)" skipped: maximum number of running instances reached (1)
Execution of job "PipelineRunner.run_schedule_pipeline (trigger: interval[0:05:00], next run at: 2026-09-05 22:09:53 IST)" skipped: maximum number of running instances reached (1)
Execution of job "PipelineRunner.run_schedule_pipeline (trigger: interval[0:05:00], next run at: 2026-09-05 22:14:53 IST)" skipped: maximum number of running instances reached (1)
Execution of job "PipelineRunner.run_schedule_pipeline (trigger: interval[0:05:00], next run at: 2026-09-05 22:19:53 IST)" skipped: maximum number of running instances reached (1)
Execution of job "PipelineRunner.run_schedule_pipeline (trigger: interval[0:05:00], next run at: 2026-09-05 22:24:53 IST)" skipped: maximum number of running instances reached (1)
Execution of job "PipelineRunner.run_schedule_pipeline (trigger: interval[0:05:00], next run at: 2026-09-05 22:29:53 IST)" skipped: maximum number of running instances reached (1)
Execution of job "PipelineRunner.run_schedule_pipeline (trigger: interval[0:05:00], next run at: 2026-09-05 22:34:53 IST)" skipped: maximum number of running instances reached (1)
Execution of job "PipelineRunner.run_schedule_pipeline (trigger: interval[0:05:00], next run at: 2026-09-05 22:39:53 IST)" skipped: maximum number of running instances reached (1)
Execution of job "PipelineRunner.run_schedule_pipeline (trigger: interval[0:05:00], next run at: 2026-09-05 22:44:53 IST)" skipped: maximum number of running instances reached (1)
Execution of job "PipelineRunner.run_schedule_pipeline (trigger: interval[0:05:00], next run at: 2026-09-05 22:49:53 IST)" skipped: maximum number of running instances reached (1)
Execution of job "PipelineRunner.run_schedule_pipeline (trigger: interval[0:05:00], next run at: 2026-09-05 22:54:53 IST)" skipped: maximum number of running instances reached (1)
Execution of job "PipelineRunner.run_schedule_pipeline (trigger: interval[0:05:00], next run at: 2026-09-05 22:59:53 IST)" skipped: maximum number of running instances reached (1)
Execution of job "PipelineRunner.run_schedule_pipeline (trigger: interval[0:05:00], next run at: 2026-09-05 23:04:53 IST)" skipped: maximum number of running instances reached (1)
Execution of job "PipelineRunner.run_schedule_pipeline (trigger: interval[0:05:00], next run at: 2026-09-05 23:09:53 IST)" skipped: maximum number of running instances reached (1)
Execution of job "PipelineRunner.run_schedule_pipeline (trigger: interval[0:05:00], next run at: 2026-09-05 23:14:53 IST)" skipped: maximum number of running instances reached (1)
Execution of job "PipelineRunner.run_schedule_pipeline (trigger: interval[0:05:00], next run at: 2026-09-05 23:19:53 IST)" skipped: maximum number of running instances reached (1)
Execution of job "PipelineRunner.run_schedule_pipeline (trigger: interval[0:05:00], next run at: 2026-09-05 23:24:53 IST)" skipped: maximum number of running instances reached (1)
Execution of job "PipelineRunner.run_schedule_pipeline (trigger: interval[0:05:00], next run at: 2026-09-05 23:29:53 IST)" skipped: maximum number of running instances reached (1)
Execution of job "PipelineRunner.run_schedule_pipeline (trigger: interval[0:05:00], next run at: 2026-09-05 23:34:53 IST)" skipped: maximum number of running instances reached (1)
Execution of job "PipelineRunner.run_schedule_pipeline (trigger: interval[0:05:00], next run at: 2026-09-05 23:39:53 IST)" skipped: maximum number of running instances reached (1)
Execution of job "PipelineRunner.run_schedule_pipeline (trigger: interval[0:05:00], next run at: 2026-09-05 23:44:53 IST)" skipped: maximum number of running instances reached (1)
Execution of job "PipelineRunner.run_schedule_pipeline (trigger: interval[0:05:00], next run at: 2026-09-05 23:49:53 IST)" skipped: maximum number of running instances reached (1)
Execution of job "PipelineRunner.run_schedule_pipeline (trigger: interval[0:05:00], next run at: 2026-09-05 23:54:53 IST)" skipped: maximum number of running instances reached (1)
Execution of job "PipelineRunner.run_schedule_pipeline (trigger: interval[0:05:00], next run at: 2026-09-05 23:59:53 IST)" skipped: maximum number of running instances reached (1)
Execution of job "PipelineRunner.run_schedule_pipeline (trigger: interval[0:05:00], next run at: 2026-09-06 00:04:53 IST)" skipped: maximum number of running instances reached (1)
Execution of job "PipelineRunner.run_schedule_pipeline (trigger: interval[0:05:00], next run at: 2026-09-06 00:09:53 IST)" skipped: maximum number of running instances reached (1)
Execution of job "PipelineRunner.run_schedule_pipeline (trigger: interval[0:05:00], next run at: 2026-09-06 00:14:53 IST)" skipped: maximum number of running instances reached (1)
Execution of job "PipelineRunner.run_schedule_pipeline (trigger: interval[0:05:00], next run at: 2026-09-06 00:19:53 IST)" skipped: maximum number of running instances reached (1)
Execution of job "PipelineRunner.run_schedule_pipeline (trigger: interval[0:05:00], next run at: 2026-09-06 00:24:53 IST)" skipped: maximum number of running instances reached (1)
Execution of job "PipelineRunner.run_schedule_pipeline (trigger: interval[0:05:00], next run at: 2026-09-06 00:29:53 IST)" skipped: maximum number of running instances reached (1)
Execution of job "PipelineRunner.run_schedule_pipeline (trigger: interval[0:05:00], next run at: 2026-09-06 00:34:53 IST)" skipped: maximum number of running instances reached (1)
Execution of job "PipelineRunner.run_schedule_pipeline (trigger: interval[0:05:00], next run at: 2026-09-06 00:39:53 IST)" skipped: maximum number of running instances reached (1)
Execution of job "PipelineRunner.run_schedule_pipeline (trigger: interval[0:05:00], next run at: 2026-09-06 00:44:53 IST)" skipped: maximum number of running instances reached (1)
Execution of job "PipelineRunner.run_schedule_pipeline (trigger: interval[0:05:00], next run at: 2026-09-06 00:49:53 IST)" skipped: maximum number of running instances reached (1)
Execution of job "PipelineRunner.run_schedule_pipeline (trigger: interval[0:05:00], next run at: 2026-09-06 00:54:53 IST)" skipped: maximum number of running instances reached (1)
Execution of job "PipelineRunner.run_schedule_pipeline (trigger: interval[0:05:00], next run at: 2026-09-06 00:59:53 IST)" skipped: maximum number of running instances reached (1)
Execution of job "PipelineRunner.run_schedule_pipeline (trigger: interval[0:05:00], next run at: 2026-09-06 01:04:53 IST)" skipped: maximum number of running instances reached (1)
Execution of job "PipelineRunner.run_schedule_pipeline (trigger: interval[0:05:00], next run at: 2026-09-06 01:09:53 IST)" skipped: maximum number of running instances reached (1)
Execution of job "PipelineRunner.run_schedule_pipeline (trigger: interval[0:05:00], next run at: 2026-09-06 01:14:53 IST)" skipped: maximum number of running instances reached (1)
Execution of job "PipelineRunner.run_schedule_pipeline (trigger: interval[0:05:00], next run at: 2026-09-06 01:19:53 IST)" skipped: maximum number of running instances reached (1)
Execution of job "PipelineRunner.run_schedule_pipeline (trigger: interval[0:05:00], next run at: 2026-09-06 01:24:53 IST)" skipped: maximum number of running instances reached (1)
Execution of job "PipelineRunner.run_schedule_pipeline (trigger: interval[0:05:00], next run at: 2026-09-06 01:29:53 IST)" skipped: maximum number of running instances reached (1)
Execution of job "PipelineRunner.run_schedule_pipeline (trigger: interval[0:05:00], next run at: 2026-09-06 01:34:53 IST)" skipped: maximum number of running instances reached (1)
Execution of job "PipelineRunner.run_schedule_pipeline (trigger: interval[0:05:00], next run at: 2026-09-06 01:39:53 IST)" skipped: maximum number of running instances reached (1)
Execution of job "PipelineRunner.run_schedule_pipeline (trigger: interval[0:05:00], next run at: 2026-09-06 01:44:53 IST)" skipped: maximum number of running instances reached (1)
Execution of job "PipelineRunner.run_schedule_pipeline (trigger: interval[0:05:00], next run at: 2026-09-06 01:49:53 IST)" skipped: maximum number of running instances reached (1)
Execution of job "PipelineRunner.run_schedule_pipeline (trigger: interval[0:05:00], next run at: 2026-09-06 01:54:53 IST)" skipped: maximum number of running instances reached (1)
Execution of job "PipelineRunner.run_schedule_pipeline (trigger: interval[0:05:00], next run at: 2026-09-06 01:59:53 IST)" skipped: maximum number of running instances reached (1)
Execution of job "PipelineRunner.run_schedule_pipeline (trigger: interval[0:05:00], next run at: 2026-09-06 02:04:53 IST)" skipped: maximum number of running instances reached (1)
Execution of job "PipelineRunner.run_schedule_pipeline (trigger: interval[0:05:00], next run at: 2026-09-06 02:09:53 IST)" skipped: maximum number of running instances reached (1)
Execution of job "PipelineRunner.run_schedule_pipeline (trigger: interval[0:05:00], next run at: 2026-09-06 02:14:53 IST)" skipped: maximum number of running instances reached (1)
Execution of job "PipelineRunner.run_schedule_pipeline (trigger: interval[0:05:00], next run at: 2026-09-06 02:19:53 IST)" skipped: maximum number of running instances reached (1)
Execution of job "PipelineRunner.run_schedule_pipeline (trigger: interval[0:05:00], next run at: 2026-09-06 02:24:53 IST)" skipped: maximum number of running instances reached (1)
Execution of job "PipelineRunner.run_schedule_pipeline (trigger: interval[0:05:00], next run at: 2026-09-06 02:29:53 IST)" skipped: maximum number of running instances reached (1)
Job "sync_employee_directory_to_atlas (trigger: cron[hour='2', minute='30'], next run at: 2026-09-07 02:30:00 IST)" raised an exception
Traceback (most recent call last):
  File "D:\RTG-project\.venv\Lib\site-packages\apscheduler\executors\base.py", line 131, in run_job
    retval = job.func(*job.args, **job.kwargs)
  File "D:\RTG-project\backend\crew_legacy\admin_logic\atlas_sync.py", line 71, in sync_employee_directory_to_atlas
    _mirror_collection(name, dry_run=dry_run)
    ~~~~~~~~~~~~~~~~~~^^^^^^^^^^^^^^^^^^^^^^^
  File "D:\RTG-project\backend\crew_legacy\admin_logic\atlas_sync.py", line 48, in _mirror_collection
    "targetCountBefore": target.count_documents({}),
                         ~~~~~~~~~~~~~~~~~~~~~~^^^^
  File "D:\RTG-project\.venv\Lib\site-packages\pymongo\synchronous\collection.py", line 2162, in count_documents
    return self._retryable_non_cursor_read(_cmd, session, _Op.COUNT)
           ~~~~~~~~~~~~~~~~~~~~~~~~~~~~~~~^^^^^^^^^^^^^^^^^^^^^^^^^^
  File "D:\RTG-project\.venv\Lib\site-packages\pymongo\synchronous\collection.py", line 2176, in _retryable_non_cursor_read
    return client._retryable_read(func, self._read_preference_for(s), s, operation)
           ~~~~~~~~~~~~~~~~~~~~~~^^^^^^^^^^^^^^^^^^^^^^^^^^^^^^^^^^^^^^^^^^^^^^^^^^
  File "D:\RTG-project\.venv\Lib\site-packages\pymongo\synchronous\mongo_client.py", line 2076, in _retryable_read
    return self._retry_internal(
           ~~~~~~~~~~~~~~~~~~~~^
        func,
        ^^^^^
    ...<9 lines>...
        is_aggregate_write=is_aggregate_write,
        ^^^^^^^^^^^^^^^^^^^^^^^^^^^^^^^^^^^^^^
    )
    ^
  File "D:\RTG-project\.venv\Lib\site-packages\pymongo\_csot.py", line 125, in csot_wrapper
    return func(self, *args, **kwargs)
  File "D:\RTG-project\.venv\Lib\site-packages\pymongo\synchronous\mongo_client.py", line 2038, in _retry_internal
    ).run()
      ~~~^^
  File "D:\RTG-project\.venv\Lib\site-packages\pymongo\synchronous\mongo_client.py", line 2811, in run
    res = self._read() if self._is_read else self._write()
          ~~~~~~~~~~^^
  File "D:\RTG-project\.venv\Lib\site-packages\pymongo\synchronous\mongo_client.py", line 3027, in _read
    self._server = self._get_server()
                   ~~~~~~~~~~~~~~~~^^
  File "D:\RTG-project\.venv\Lib\site-packages\pymongo\synchronous\mongo_client.py", line 2975, in _get_server
    return self._client._select_server(
           ~~~~~~~~~~~~~~~~~~~~~~~~~~~^
        self._server_selector,
        ^^^^^^^^^^^^^^^^^^^^^^
    ...<4 lines>...
        operation_id=self._operation_id,
        ^^^^^^^^^^^^^^^^^^^^^^^^^^^^^^^^
    )
    ^
  File "D:\RTG-project\.venv\Lib\site-packages\pymongo\synchronous\mongo_client.py", line 1851, in _select_server
    server = topology.select_server(
        server_selector,
    ...<2 lines>...
        operation_id=operation_id,
    )
  File "D:\RTG-project\.venv\Lib\site-packages\pymongo\synchronous\topology.py", line 428, in select_server
    server = self._select_server(
        selector,
    ...<4 lines>...
        operation_id=operation_id,
    )
  File "D:\RTG-project\.venv\Lib\site-packages\pymongo\synchronous\topology.py", line 402, in _select_server
    servers = self.select_servers(
        selector,
    ...<4 lines>...
        deprioritized_servers,
    )
  File "D:\RTG-project\.venv\Lib\site-packages\pymongo\synchronous\topology.py", line 298, in select_servers
    server_descriptions = self._select_servers_loop(
        selector,
    ...<4 lines>...
        deprioritized_servers=deprioritized_servers,
    )
  File "D:\RTG-project\.venv\Lib\site-packages\pymongo\synchronous\topology.py", line 359, in _select_servers_loop
    raise ServerSelectionTimeoutError(
        f"{self._error_message(selector)}, Timeout: {timeout}s, Topology Description: {self.description!r}"
    )
pymongo.errors.ServerSelectionTimeoutError: ac-o8rxgtb-shard-00-00.kudznxl.mongodb.net:27017: timed out (configured timeouts: socketTimeoutMS: 20000.0ms, connectTimeoutMS: 20000.0ms),ac-o8rxgtb-shard-00-01.kudznxl.mongodb.net:27017: timed out (configured timeouts: socketTimeoutMS: 20000.0ms, connectTimeoutMS: 20000.0ms),ac-o8rxgtb-shard-00-02.kudznxl.mongodb.net:27017: timed out (configured timeouts: socketTimeoutMS: 20000.0ms, connectTimeoutMS: 20000.0ms), Timeout: 10.0s, Topology Description: <TopologyDescription id: 6a9967135b60afc29d61d34e, topology_type: ReplicaSetNoPrimary, servers: [<ServerDescription ('ac-o8rxgtb-shard-00-00.kudznxl.mongodb.net', 27017) server_type: Unknown, rtt: None, error=NetworkTimeout('ac-o8rxgtb-shard-00-00.kudznxl.mongodb.net:27017: timed out (configured timeouts: socketTimeoutMS: 20000.0ms, connectTimeoutMS: 20000.0ms)')>, <ServerDescription ('ac-o8rxgtb-shard-00-01.kudznxl.mongodb.net', 27017) server_type: Unknown, rtt: None, error=NetworkTimeout('ac-o8rxgtb-shard-00-01.kudznxl.mongodb.net:27017: timed out (configured timeouts: socketTimeoutMS: 20000.0ms, connectTimeoutMS: 20000.0ms)')>, <ServerDescription ('ac-o8rxgtb-shard-00-02.kudznxl.mongodb.net', 27017) server_type: Unknown, rtt: None, error=NetworkTimeout('ac-o8rxgtb-shard-00-02.kudznxl.mongodb.net:27017: timed out (configured timeouts: socketTimeoutMS: 20000.0ms, connectTimeoutMS: 20000.0ms)')>]>
Execution of job "PipelineRunner.run_schedule_pipeline (trigger: interval[0:05:00], next run at: 2026-09-06 02:34:53 IST)" skipped: maximum number of running instances reached (1)
Execution of job "PipelineRunner.run_schedule_pipeline (trigger: interval[0:05:00], next run at: 2026-09-06 02:39:53 IST)" skipped: maximum number of running instances reached (1)
Execution of job "PipelineRunner.run_schedule_pipeline (trigger: interval[0:05:00], next run at: 2026-09-06 02:44:53 IST)" skipped: maximum number of running instances reached (1)
Execution of job "PipelineRunner.run_schedule_pipeline (trigger: interval[0:05:00], next run at: 2026-09-06 02:49:53 IST)" skipped: maximum number of running instances reached (1)
Execution of job "PipelineRunner.run_schedule_pipeline (trigger: interval[0:05:00], next run at: 2026-09-06 02:54:53 IST)" skipped: maximum number of running instances reached (1)
Execution of job "PipelineRunner.run_schedule_pipeline (trigger: interval[0:05:00], next run at: 2026-09-06 02:59:53 IST)" skipped: maximum number of running instances reached (1)
Execution of job "PipelineRunner.run_schedule_pipeline (trigger: interval[0:05:00], next run at: 2026-09-06 03:04:53 IST)" skipped: maximum number of running instances reached (1)
Execution of job "PipelineRunner.run_schedule_pipeline (trigger: interval[0:05:00], next run at: 2026-09-06 03:09:53 IST)" skipped: maximum number of running instances reached (1)
Execution of job "PipelineRunner.run_schedule_pipeline (trigger: interval[0:05:00], next run at: 2026-09-06 03:14:53 IST)" skipped: maximum number of running instances reached (1)
Execution of job "PipelineRunner.run_schedule_pipeline (trigger: interval[0:05:00], next run at: 2026-09-06 03:19:53 IST)" skipped: maximum number of running instances reached (1)
Execution of job "PipelineRunner.run_schedule_pipeline (trigger: interval[0:05:00], next run at: 2026-09-06 03:24:53 IST)" skipped: maximum number of running instances reached (1)
Execution of job "PipelineRunner.run_schedule_pipeline (trigger: interval[0:05:00], next run at: 2026-09-06 03:29:53 IST)" skipped: maximum number of running instances reached (1)
Execution of job "PipelineRunner.run_schedule_pipeline (trigger: interval[0:05:00], next run at: 2026-09-06 03:34:53 IST)" skipped: maximum number of running instances reached (1)
Execution of job "PipelineRunner.run_schedule_pipeline (trigger: interval[0:05:00], next run at: 2026-09-06 03:39:53 IST)" skipped: maximum number of running instances reached (1)
Execution of job "PipelineRunner.run_schedule_pipeline (trigger: interval[0:05:00], next run at: 2026-09-06 03:44:53 IST)" skipped: maximum number of running instances reached (1)
Execution of job "PipelineRunner.run_schedule_pipeline (trigger: interval[0:05:00], next run at: 2026-09-06 03:49:53 IST)" skipped: maximum number of running instances reached (1)
Execution of job "PipelineRunner.run_schedule_pipeline (trigger: interval[0:05:00], next run at: 2026-09-06 03:54:53 IST)" skipped: maximum number of running instances reached (1)
Execution of job "PipelineRunner.run_schedule_pipeline (trigger: interval[0:05:00], next run at: 2026-09-06 03:59:53 IST)" skipped: maximum number of running instances reached (1)
Execution of job "PipelineRunner.run_schedule_pipeline (trigger: interval[0:05:00], next run at: 2026-09-06 04:04:53 IST)" skipped: maximum number of running instances reached (1)
Execution of job "PipelineRunner.run_schedule_pipeline (trigger: interval[0:05:00], next run at: 2026-09-06 04:09:53 IST)" skipped: maximum number of running instances reached (1)
Execution of job "PipelineRunner.run_schedule_pipeline (trigger: interval[0:05:00], next run at: 2026-09-06 04:14:53 IST)" skipped: maximum number of running instances reached (1)
Execution of job "PipelineRunner.run_schedule_pipeline (trigger: interval[0:05:00], next run at: 2026-09-06 04:19:53 IST)" skipped: maximum number of running instances reached (1)
Execution of job "PipelineRunner.run_schedule_pipeline (trigger: interval[0:05:00], next run at: 2026-09-06 04:24:53 IST)" skipped: maximum number of running instances reached (1)
Execution of job "PipelineRunner.run_schedule_pipeline (trigger: interval[0:05:00], next run at: 2026-09-06 04:29:53 IST)" skipped: maximum number of running instances reached (1)
Execution of job "PipelineRunner.run_schedule_pipeline (trigger: interval[0:05:00], next run at: 2026-09-06 04:34:53 IST)" skipped: maximum number of running instances reached (1)
Execution of job "PipelineRunner.run_schedule_pipeline (trigger: interval[0:05:00], next run at: 2026-09-06 04:39:53 IST)" skipped: maximum number of running instances reached (1)
Execution of job "PipelineRunner.run_schedule_pipeline (trigger: interval[0:05:00], next run at: 2026-09-06 04:44:53 IST)" skipped: maximum number of running instances reached (1)
Execution of job "PipelineRunner.run_schedule_pipeline (trigger: interval[0:05:00], next run at: 2026-09-06 04:49:53 IST)" skipped: maximum number of running instances reached (1)
Execution of job "PipelineRunner.run_schedule_pipeline (trigger: interval[0:05:00], next run at: 2026-09-06 04:54:53 IST)" skipped: maximum number of running instances reached (1)
Execution of job "PipelineRunner.run_schedule_pipeline (trigger: interval[0:05:00], next run at: 2026-09-06 04:59:53 IST)" skipped: maximum number of running instances reached (1)
Execution of job "PipelineRunner.run_schedule_pipeline (trigger: interval[0:05:00], next run at: 2026-09-06 05:04:53 IST)" skipped: maximum number of running instances reached (1)
Execution of job "PipelineRunner.run_schedule_pipeline (trigger: interval[0:05:00], next run at: 2026-09-06 05:09:53 IST)" skipped: maximum number of running instances reached (1)
Execution of job "PipelineRunner.run_schedule_pipeline (trigger: interval[0:05:00], next run at: 2026-09-06 05:14:53 IST)" skipped: maximum number of running instances reached (1)
Execution of job "PipelineRunner.run_schedule_pipeline (trigger: interval[0:05:00], next run at: 2026-09-06 05:19:53 IST)" skipped: maximum number of running instances reached (1)
Execution of job "PipelineRunner.run_schedule_pipeline (trigger: interval[0:05:00], next run at: 2026-09-06 05:24:53 IST)" skipped: maximum number of running instances reached (1)
Execution of job "PipelineRunner.run_schedule_pipeline (trigger: interval[0:05:00], next run at: 2026-09-06 05:29:53 IST)" skipped: maximum number of running instances reached (1)
Execution of job "PipelineRunner.run_schedule_pipeline (trigger: interval[0:05:00], next run at: 2026-09-06 05:34:53 IST)" skipped: maximum number of running instances reached (1)
Execution of job "PipelineRunner.run_schedule_pipeline (trigger: interval[0:05:00], next run at: 2026-09-06 05:39:53 IST)" skipped: maximum number of running instances reached (1)
Execution of job "PipelineRunner.run_schedule_pipeline (trigger: interval[0:05:00], next run at: 2026-09-06 05:44:53 IST)" skipped: maximum number of running instances reached (1)
Execution of job "PipelineRunner.run_schedule_pipeline (trigger: interval[0:05:00], next run at: 2026-09-06 05:49:53 IST)" skipped: maximum number of running instances reached (1)
Execution of job "PipelineRunner.run_schedule_pipeline (trigger: interval[0:05:00], next run at: 2026-09-06 05:54:53 IST)" skipped: maximum number of running instances reached (1)
Execution of job "PipelineRunner.run_schedule_pipeline (trigger: interval[0:05:00], next run at: 2026-09-06 05:59:53 IST)" skipped: maximum number of running instances reached (1)
Execution of job "PipelineRunner.run_schedule_pipeline (trigger: interval[0:05:00], next run at: 2026-09-06 06:04:53 IST)" skipped: maximum number of running instances reached (1)
Execution of job "PipelineRunner.run_schedule_pipeline (trigger: interval[0:05:00], next run at: 2026-09-06 06:09:53 IST)" skipped: maximum number of running instances reached (1)
Execution of job "PipelineRunner.run_schedule_pipeline (trigger: interval[0:05:00], next run at: 2026-09-06 06:14:53 IST)" skipped: maximum number of running instances reached (1)
Execution of job "PipelineRunner.run_schedule_pipeline (trigger: interval[0:05:00], next run at: 2026-09-06 06:19:53 IST)" skipped: maximum number of running instances reached (1)
Execution of job "PipelineRunner.run_schedule_pipeline (trigger: interval[0:05:00], next run at: 2026-09-06 06:24:53 IST)" skipped: maximum number of running instances reached (1)
Execution of job "PipelineRunner.run_schedule_pipeline (trigger: interval[0:05:00], next run at: 2026-09-06 06:29:53 IST)" skipped: maximum number of running instances reached (1)
Execution of job "PipelineRunner.run_schedule_pipeline (trigger: interval[0:05:00], next run at: 2026-09-06 06:34:53 IST)" skipped: maximum number of running instances reached (1)
Execution of job "PipelineRunner.run_schedule_pipeline (trigger: interval[0:05:00], next run at: 2026-09-06 06:39:53 IST)" skipped: maximum number of running instances reached (1)
Execution of job "PipelineRunner.run_schedule_pipeline (trigger: interval[0:05:00], next run at: 2026-09-06 06:44:53 IST)" skipped: maximum number of running instances reached (1)
Execution of job "PipelineRunner.run_schedule_pipeline (trigger: interval[0:05:00], next run at: 2026-09-06 06:49:53 IST)" skipped: maximum number of running instances reached (1)
Execution of job "PipelineRunner.run_schedule_pipeline (trigger: interval[0:05:00], next run at: 2026-09-06 06:54:53 IST)" skipped: maximum number of running instances reached (1)
Execution of job "PipelineRunner.run_schedule_pipeline (trigger: interval[0:05:00], next run at: 2026-09-06 06:59:53 IST)" skipped: maximum number of running instances reached (1)
Execution of job "PipelineRunner.run_schedule_pipeline (trigger: interval[0:05:00], next run at: 2026-09-06 07:04:53 IST)" skipped: maximum number of running instances reached (1)
Execution of job "PipelineRunner.run_schedule_pipeline (trigger: interval[0:05:00], next run at: 2026-09-06 07:09:53 IST)" skipped: maximum number of running instances reached (1)
Execution of job "PipelineRunner.run_schedule_pipeline (trigger: interval[0:05:00], next run at: 2026-09-06 07:14:53 IST)" skipped: maximum number of running instances reached (1)
Execution of job "PipelineRunner.run_schedule_pipeline (trigger: interval[0:05:00], next run at: 2026-09-06 07:19:53 IST)" skipped: maximum number of running instances reached (1)
Execution of job "PipelineRunner.run_schedule_pipeline (trigger: interval[0:05:00], next run at: 2026-09-06 07:24:53 IST)" skipped: maximum number of running instances reached (1)
Execution of job "PipelineRunner.run_schedule_pipeline (trigger: interval[0:05:00], next run at: 2026-09-06 07:29:53 IST)" skipped: maximum number of running instances reached (1)
Job "run_dso_shared_folder_sync (trigger: cron[hour='7', minute='30'], next run at: 2026-09-07 07:30:00 IST)" raised an exception
Traceback (most recent call last):
  File "D:\RTG-project\.venv\Lib\site-packages\apscheduler\executors\base.py", line 131, in run_job
    retval = job.func(*job.args, **job.kwargs)
  File "D:\RTG-project\backend\scheduler\jobs.py", line 36, in run_dso_shared_folder_sync
    result = sync_dso_report_from_folder(
        report_type=report_type,
        report_date=report_day.isoformat(),
        overwrite=True,
    )
  File "D:\RTG-project\backend\routes\dso_report_routes.py", line 917, in sync_dso_report_from_folder
    source_file = expected_dso_source_file(report_type, report_date)
  File "D:\RTG-project\backend\routes\dso_report_routes.py", line 905, in expected_dso_source_file
    raise FileNotFoundError(
        f"Expected source file was not found in {folder}: {base_name}.xlsx"
    )
FileNotFoundError: Expected source file was not found in \\10.3.95.200\HTTP-Access\ScadaData\DSO_reports: DSO_Morning_report_06092026.xlsx
Execution of job "PipelineRunner.run_schedule_pipeline (trigger: interval[0:05:00], next run at: 2026-09-06 07:34:53 IST)" skipped: maximum number of running instances reached (1)
Execution of job "PipelineRunner.run_schedule_pipeline (trigger: interval[0:05:00], next run at: 2026-09-06 07:39:53 IST)" skipped: maximum number of running instances reached (1)
Execution of job "PipelineRunner.run_schedule_pipeline (trigger: interval[0:05:00], next run at: 2026-09-06 07:44:53 IST)" skipped: maximum number of running instances reached (1)
Execution of job "PipelineRunner.run_schedule_pipeline (trigger: interval[0:05:00], next run at: 2026-09-06 07:49:53 IST)" skipped: maximum number of running instances reached (1)
Execution of job "PipelineRunner.run_schedule_pipeline (trigger: interval[0:05:00], next run at: 2026-09-06 07:54:53 IST)" skipped: maximum number of running instances reached (1)
Execution of job "PipelineRunner.run_schedule_pipeline (trigger: interval[0:05:00], next run at: 2026-09-06 07:59:53 IST)" skipped: maximum number of running instances reached (1)
Execution of job "PipelineRunner.run_schedule_pipeline (trigger: interval[0:05:00], next run at: 2026-09-06 08:04:53 IST)" skipped: maximum number of running instances reached (1)
Execution of job "PipelineRunner.run_schedule_pipeline (trigger: interval[0:05:00], next run at: 2026-09-06 08:09:53 IST)" skipped: maximum number of running instances reached (1)
Execution of job "PipelineRunner.run_schedule_pipeline (trigger: interval[0:05:00], next run at: 2026-09-06 08:14:53 IST)" skipped: maximum number of running instances reached (1)
Execution of job "PipelineRunner.run_schedule_pipeline (trigger: interval[0:05:00], next run at: 2026-09-06 08:19:53 IST)" skipped: maximum number of running instances reached (1)
Execution of job "PipelineRunner.run_schedule_pipeline (trigger: interval[0:05:00], next run at: 2026-09-06 08:24:53 IST)" skipped: maximum number of running instances reached (1)
Execution of job "PipelineRunner.run_schedule_pipeline (trigger: interval[0:05:00], next run at: 2026-09-06 08:29:53 IST)" skipped: maximum number of running instances reached (1)
Execution of job "PipelineRunner.run_schedule_pipeline (trigger: interval[0:05:00], next run at: 2026-09-06 08:34:53 IST)" skipped: maximum number of running instances reached (1)
Execution of job "PipelineRunner.run_schedule_pipeline (trigger: interval[0:05:00], next run at: 2026-09-06 08:39:53 IST)" skipped: maximum number of running instances reached (1)
Execution of job "PipelineRunner.run_schedule_pipeline (trigger: interval[0:05:00], next run at: 2026-09-06 08:44:53 IST)" skipped: maximum number of running instances reached (1)
Execution of job "PipelineRunner.run_schedule_pipeline (trigger: interval[0:05:00], next run at: 2026-09-06 08:49:53 IST)" skipped: maximum number of running instances reached (1)
Execution of job "PipelineRunner.run_schedule_pipeline (trigger: interval[0:05:00], next run at: 2026-09-06 08:54:53 IST)" skipped: maximum number of running instances reached (1)
Execution of job "PipelineRunner.run_schedule_pipeline (trigger: interval[0:05:00], next run at: 2026-09-06 08:59:53 IST)" skipped: maximum number of running instances reached (1)
Execution of job "PipelineRunner.run_schedule_pipeline (trigger: interval[0:05:00], next run at: 2026-09-06 09:04:53 IST)" skipped: maximum number of running instances reached (1)
Execution of job "PipelineRunner.run_schedule_pipeline (trigger: interval[0:05:00], next run at: 2026-09-06 09:09:53 IST)" skipped: maximum number of running instances reached (1)
Execution of job "PipelineRunner.run_schedule_pipeline (trigger: interval[0:05:00], next run at: 2026-09-06 09:14:53 IST)" skipped: maximum number of running instances reached (1)
Execution of job "PipelineRunner.run_schedule_pipeline (trigger: interval[0:05:00], next run at: 2026-09-06 09:19:53 IST)" skipped: maximum number of running instances reached (1)
Execution of job "PipelineRunner.run_schedule_pipeline (trigger: interval[0:05:00], next run at: 2026-09-06 09:24:53 IST)" skipped: maximum number of running instances reached (1)
Execution of job "PipelineRunner.run_schedule_pipeline (trigger: interval[0:05:00], next run at: 2026-09-06 09:29:53 IST)" skipped: maximum number of running instances reached (1)
Execution of job "PipelineRunner.run_schedule_pipeline (trigger: interval[0:05:00], next run at: 2026-09-06 09:34:53 IST)" skipped: maximum number of running instances reached (1)
Execution of job "PipelineRunner.run_schedule_pipeline (trigger: interval[0:05:00], next run at: 2026-09-06 09:39:53 IST)" skipped: maximum number of running instances reached (1)
Execution of job "PipelineRunner.run_schedule_pipeline (trigger: interval[0:05:00], next run at: 2026-09-06 09:44:53 IST)" skipped: maximum number of running instances reached (1)
Execution of job "PipelineRunner.run_schedule_pipeline (trigger: interval[0:05:00], next run at: 2026-09-06 09:49:53 IST)" skipped: maximum number of running instances reached (1)
Execution of job "PipelineRunner.run_schedule_pipeline (trigger: interval[0:05:00], next run at: 2026-09-06 09:54:53 IST)" skipped: maximum number of running instances reached (1)
Execution of job "PipelineRunner.run_schedule_pipeline (trigger: interval[0:05:00], next run at: 2026-09-06 09:59:53 IST)" skipped: maximum number of running instances reached (1)
Execution of job "PipelineRunner.run_schedule_pipeline (trigger: interval[0:05:00], next run at: 2026-09-06 10:04:53 IST)" skipped: maximum number of running instances reached (1)
Execution of job "PipelineRunner.run_schedule_pipeline (trigger: interval[0:05:00], next run at: 2026-09-06 10:09:53 IST)" skipped: maximum number of running instances reached (1)
Execution of job "PipelineRunner.run_schedule_pipeline (trigger: interval[0:05:00], next run at: 2026-09-06 10:14:53 IST)" skipped: maximum number of running instances reached (1)
Execution of job "PipelineRunner.run_schedule_pipeline (trigger: interval[0:05:00], next run at: 2026-09-06 10:19:53 IST)" skipped: maximum number of running instances reached (1)
Execution of job "PipelineRunner.run_schedule_pipeline (trigger: interval[0:05:00], next run at: 2026-09-06 10:24:53 IST)" skipped: maximum number of running instances reached (1)
Execution of job "PipelineRunner.run_schedule_pipeline (trigger: interval[0:05:00], next run at: 2026-09-06 10:29:53 IST)" skipped: maximum number of running instances reached (1)
Execution of job "PipelineRunner.run_schedule_pipeline (trigger: interval[0:05:00], next run at: 2026-09-06 10:34:53 IST)" skipped: maximum number of running instances reached (1)
Execution of job "PipelineRunner.run_schedule_pipeline (trigger: interval[0:05:00], next run at: 2026-09-06 10:39:53 IST)" skipped: maximum number of running instances reached (1)
Execution of job "PipelineRunner.run_schedule_pipeline (trigger: interval[0:05:00], next run at: 2026-09-06 10:44:53 IST)" skipped: maximum number of running instances reached (1)
Execution of job "PipelineRunner.run_schedule_pipeline (trigger: interval[0:05:00], next run at: 2026-09-06 10:49:53 IST)" skipped: maximum number of running instances reached (1)
Execution of job "PipelineRunner.run_schedule_pipeline (trigger: interval[0:05:00], next run at: 2026-09-06 10:54:53 IST)" skipped: maximum number of running instances reached (1)
Execution of job "PipelineRunner.run_schedule_pipeline (trigger: interval[0:05:00], next run at: 2026-09-06 10:59:53 IST)" skipped: maximum number of running instances reached (1)
Execution of job "PipelineRunner.run_schedule_pipeline (trigger: interval[0:05:00], next run at: 2026-09-06 11:04:53 IST)" skipped: maximum number of running instances reached (1)
Execution of job "PipelineRunner.run_schedule_pipeline (trigger: interval[0:05:00], next run at: 2026-09-06 11:09:53 IST)" skipped: maximum number of running instances reached (1)
Execution of job "PipelineRunner.run_schedule_pipeline (trigger: interval[0:05:00], next run at: 2026-09-06 11:14:53 IST)" skipped: maximum number of running instances reached (1)
Execution of job "PipelineRunner.run_schedule_pipeline (trigger: interval[0:05:00], next run at: 2026-09-06 11:19:53 IST)" skipped: maximum number of running instances reached (1)
Execution of job "PipelineRunner.run_schedule_pipeline (trigger: interval[0:05:00], next run at: 2026-09-06 11:24:53 IST)" skipped: maximum number of running instances reached (1)
Execution of job "PipelineRunner.run_schedule_pipeline (trigger: interval[0:05:00], next run at: 2026-09-06 11:29:53 IST)" skipped: maximum number of running instances reached (1)
Job "run_er_plant_deviation_sync (trigger: cron[hour='11', minute='30'], next run at: 2026-09-07 11:30:00 IST)" raised an exception
Traceback (most recent call last):
  File "D:\RTG-project\.venv\Lib\site-packages\apscheduler\executors\base.py", line 131, in run_job
    retval = job.func(*job.args, **job.kwargs)
  File "D:\RTG-project\backend\scheduler\jobs.py", line 68, in run_er_plant_deviation_sync
    result = sync_er_day_ahead_report(report_date)
  File "D:\RTG-project\backend\routes\plant_deviation_routes.py", line 481, in sync_er_day_ahead_report
    report = _day_ahead_thermal_report(selected_date.isoformat(), force_refresh=True)
  File "D:\RTG-project\backend\routes\plant_deviation_routes.py", line 131, in _day_ahead_thermal_report
    raise HTTPException(
    ...<2 lines>...
    )
fastapi.exceptions.HTTPException: 404: Day-ahead MOP file not found: ER_Plantwise Deviation from IC_06-09-2026.xlsx
Execution of job "PipelineRunner.run_schedule_pipeline (trigger: interval[0:05:00], next run at: 2026-09-06 11:34:53 IST)" skipped: maximum number of running instances reached (1)
Execution of job "PipelineRunner.run_schedule_pipeline (trigger: interval[0:05:00], next run at: 2026-09-06 11:39:53 IST)" skipped: maximum number of running instances reached (1)
Execution of job "PipelineRunner.run_schedule_pipeline (trigger: interval[0:05:00], next run at: 2026-09-06 11:44:53 IST)" skipped: maximum number of running instances reached (1)
Execution of job "PipelineRunner.run_schedule_pipeline (trigger: interval[0:05:00], next run at: 2026-09-06 11:49:53 IST)" skipped: maximum number of running instances reached (1)
Execution of job "PipelineRunner.run_schedule_pipeline (trigger: interval[0:05:00], next run at: 2026-09-06 11:54:53 IST)" skipped: maximum number of running instances reached (1)
Execution of job "PipelineRunner.run_schedule_pipeline (trigger: interval[0:05:00], next run at: 2026-09-06 11:59:53 IST)" skipped: maximum number of running instances reached (1)
Execution of job "PipelineRunner.run_schedule_pipeline (trigger: interval[0:05:00], next run at: 2026-09-06 12:04:53 IST)" skipped: maximum number of running instances reached (1)
Execution of job "PipelineRunner.run_schedule_pipeline (trigger: interval[0:05:00], next run at: 2026-09-06 12:09:53 IST)" skipped: maximum number of running instances reached (1)
Execution of job "PipelineRunner.run_schedule_pipeline (trigger: interval[0:05:00], next run at: 2026-09-06 12:14:53 IST)" skipped: maximum number of running instances reached (1)
Execution of job "PipelineRunner.run_schedule_pipeline (trigger: interval[0:05:00], next run at: 2026-09-06 12:19:53 IST)" skipped: maximum number of running instances reached (1)
Execution of job "PipelineRunner.run_schedule_pipeline (trigger: interval[0:05:00], next run at: 2026-09-06 12:24:53 IST)" skipped: maximum number of running instances reached (1)
Execution of job "PipelineRunner.run_schedule_pipeline (trigger: interval[0:05:00], next run at: 2026-09-06 12:29:53 IST)" skipped: maximum number of running instances reached (1)
Execution of job "PipelineRunner.run_schedule_pipeline (trigger: interval[0:05:00], next run at: 2026-09-06 12:34:53 IST)" skipped: maximum number of running instances reached (1)
Execution of job "PipelineRunner.run_schedule_pipeline (trigger: interval[0:05:00], next run at: 2026-09-06 12:39:53 IST)" skipped: maximum number of running instances reached (1)
Execution of job "PipelineRunner.run_schedule_pipeline (trigger: interval[0:05:00], next run at: 2026-09-06 12:44:53 IST)" skipped: maximum number of running instances reached (1)
Execution of job "PipelineRunner.run_schedule_pipeline (trigger: interval[0:05:00], next run at: 2026-09-06 12:49:53 IST)" skipped: maximum number of running instances reached (1)
Execution of job "PipelineRunner.run_schedule_pipeline (trigger: interval[0:05:00], next run at: 2026-09-06 12:54:53 IST)" skipped: maximum number of running instances reached (1)
Execution of job "PipelineRunner.run_schedule_pipeline (trigger: interval[0:05:00], next run at: 2026-09-06 12:59:53 IST)" skipped: maximum number of running instances reached (1)
Execution of job "PipelineRunner.run_schedule_pipeline (trigger: interval[0:05:00], next run at: 2026-09-06 13:04:53 IST)" skipped: maximum number of running instances reached (1)
Execution of job "PipelineRunner.run_schedule_pipeline (trigger: interval[0:05:00], next run at: 2026-09-06 13:09:53 IST)" skipped: maximum number of running instances reached (1)
Execution of job "PipelineRunner.run_schedule_pipeline (trigger: interval[0:05:00], next run at: 2026-09-06 13:14:53 IST)" skipped: maximum number of running instances reached (1)
Execution of job "PipelineRunner.run_schedule_pipeline (trigger: interval[0:05:00], next run at: 2026-09-06 13:19:53 IST)" skipped: maximum number of running instances reached (1)
Execution of job "PipelineRunner.run_schedule_pipeline (trigger: interval[0:05:00], next run at: 2026-09-06 13:24:53 IST)" skipped: maximum number of running instances reached (1)
Execution of job "PipelineRunner.run_schedule_pipeline (trigger: interval[0:05:00], next run at: 2026-09-06 13:29:53 IST)" skipped: maximum number of running instances reached (1)
Execution of job "PipelineRunner.run_schedule_pipeline (trigger: interval[0:05:00], next run at: 2026-09-06 13:34:53 IST)" skipped: maximum number of running instances reached (1)
Execution of job "PipelineRunner.run_schedule_pipeline (trigger: interval[0:05:00], next run at: 2026-09-06 13:39:53 IST)" skipped: maximum number of running instances reached (1)
Execution of job "PipelineRunner.run_schedule_pipeline (trigger: interval[0:05:00], next run at: 2026-09-06 13:44:53 IST)" skipped: maximum number of running instances reached (1)
Execution of job "PipelineRunner.run_schedule_pipeline (trigger: interval[0:05:00], next run at: 2026-09-06 13:49:53 IST)" skipped: maximum number of running instances reached (1)
Execution of job "PipelineRunner.run_schedule_pipeline (trigger: interval[0:05:00], next run at: 2026-09-06 13:54:53 IST)" skipped: maximum number of running instances reached (1)
Execution of job "PipelineRunner.run_schedule_pipeline (trigger: interval[0:05:00], next run at: 2026-09-06 13:59:53 IST)" skipped: maximum number of running instances reached (1)
Execution of job "PipelineRunner.run_schedule_pipeline (trigger: interval[0:05:00], next run at: 2026-09-06 14:04:53 IST)" skipped: maximum number of running instances reached (1)
Execution of job "PipelineRunner.run_schedule_pipeline (trigger: interval[0:05:00], next run at: 2026-09-06 14:09:53 IST)" skipped: maximum number of running instances reached (1)
Execution of job "PipelineRunner.run_schedule_pipeline (trigger: interval[0:05:00], next run at: 2026-09-06 14:14:53 IST)" skipped: maximum number of running instances reached (1)
Execution of job "PipelineRunner.run_schedule_pipeline (trigger: interval[0:05:00], next run at: 2026-09-06 14:19:53 IST)" skipped: maximum number of running instances reached (1)
Execution of job "PipelineRunner.run_schedule_pipeline (trigger: interval[0:05:00], next run at: 2026-09-06 14:24:53 IST)" skipped: maximum number of running instances reached (1)
Execution of job "PipelineRunner.run_schedule_pipeline (trigger: interval[0:05:00], next run at: 2026-09-06 14:29:53 IST)" skipped: maximum number of running instances reached (1)
Execution of job "PipelineRunner.run_schedule_pipeline (trigger: interval[0:05:00], next run at: 2026-09-06 14:34:53 IST)" skipped: maximum number of running instances reached (1)
Execution of job "PipelineRunner.run_schedule_pipeline (trigger: interval[0:05:00], next run at: 2026-09-06 14:39:53 IST)" skipped: maximum number of running instances reached (1)
Execution of job "PipelineRunner.run_schedule_pipeline (trigger: interval[0:05:00], next run at: 2026-09-06 14:44:53 IST)" skipped: maximum number of running instances reached (1)
Execution of job "PipelineRunner.run_schedule_pipeline (trigger: interval[0:05:00], next run at: 2026-09-06 14:49:53 IST)" skipped: maximum number of running instances reached (1)
Execution of job "PipelineRunner.run_schedule_pipeline (trigger: interval[0:05:00], next run at: 2026-09-06 14:54:53 IST)" skipped: maximum number of running instances reached (1)
Execution of job "PipelineRunner.run_schedule_pipeline (trigger: interval[0:05:00], next run at: 2026-09-06 14:59:53 IST)" skipped: maximum number of running instances reached (1)
Execution of job "PipelineRunner.run_schedule_pipeline (trigger: interval[0:05:00], next run at: 2026-09-06 15:04:53 IST)" skipped: maximum number of running instances reached (1)
Execution of job "PipelineRunner.run_schedule_pipeline (trigger: interval[0:05:00], next run at: 2026-09-06 15:09:53 IST)" skipped: maximum number of running instances reached (1)
Execution of job "PipelineRunner.run_schedule_pipeline (trigger: interval[0:05:00], next run at: 2026-09-06 15:14:53 IST)" skipped: maximum number of running instances reached (1)
Execution of job "PipelineRunner.run_schedule_pipeline (trigger: interval[0:05:00], next run at: 2026-09-06 15:19:53 IST)" skipped: maximum number of running instances reached (1)
Execution of job "PipelineRunner.run_schedule_pipeline (trigger: interval[0:05:00], next run at: 2026-09-06 15:24:53 IST)" skipped: maximum number of running instances reached (1)
Execution of job "PipelineRunner.run_schedule_pipeline (trigger: interval[0:05:00], next run at: 2026-09-06 15:29:53 IST)" skipped: maximum number of running instances reached (1)
Execution of job "PipelineRunner.run_schedule_pipeline (trigger: interval[0:05:00], next run at: 2026-09-06 15:34:53 IST)" skipped: maximum number of running instances reached (1)
Execution of job "PipelineRunner.run_schedule_pipeline (trigger: interval[0:05:00], next run at: 2026-09-06 15:39:53 IST)" skipped: maximum number of running instances reached (1)
Execution of job "PipelineRunner.run_schedule_pipeline (trigger: interval[0:05:00], next run at: 2026-09-06 15:44:53 IST)" skipped: maximum number of running instances reached (1)
Execution of job "PipelineRunner.run_schedule_pipeline (trigger: interval[0:05:00], next run at: 2026-09-06 15:49:53 IST)" skipped: maximum number of running instances reached (1)
Execution of job "PipelineRunner.run_schedule_pipeline (trigger: interval[0:05:00], next run at: 2026-09-06 15:54:53 IST)" skipped: maximum number of running instances reached (1)
Execution of job "PipelineRunner.run_schedule_pipeline (trigger: interval[0:05:00], next run at: 2026-09-06 15:59:53 IST)" skipped: maximum number of running instances reached (1)
Execution of job "PipelineRunner.run_schedule_pipeline (trigger: interval[0:05:00], next run at: 2026-09-06 16:04:53 IST)" skipped: maximum number of running instances reached (1)
Execution of job "PipelineRunner.run_schedule_pipeline (trigger: interval[0:05:00], next run at: 2026-09-06 16:09:53 IST)" skipped: maximum number of running instances reached (1)
Execution of job "PipelineRunner.run_schedule_pipeline (trigger: interval[0:05:00], next run at: 2026-09-06 16:14:53 IST)" skipped: maximum number of running instances reached (1)
Execution of job "PipelineRunner.run_schedule_pipeline (trigger: interval[0:05:00], next run at: 2026-09-06 16:19:53 IST)" skipped: maximum number of running instances reached (1)
Execution of job "PipelineRunner.run_schedule_pipeline (trigger: interval[0:05:00], next run at: 2026-09-06 16:24:53 IST)" skipped: maximum number of running instances reached (1)
Execution of job "PipelineRunner.run_schedule_pipeline (trigger: interval[0:05:00], next run at: 2026-09-06 16:29:53 IST)" skipped: maximum number of running instances reached (1)
Execution of job "PipelineRunner.run_schedule_pipeline (trigger: interval[0:05:00], next run at: 2026-09-06 16:34:53 IST)" skipped: maximum number of running instances reached (1)
Execution of job "PipelineRunner.run_schedule_pipeline (trigger: interval[0:05:00], next run at: 2026-09-06 16:39:53 IST)" skipped: maximum number of running instances reached (1)
Execution of job "PipelineRunner.run_schedule_pipeline (trigger: interval[0:05:00], next run at: 2026-09-06 16:44:53 IST)" skipped: maximum number of running instances reached (1)
Execution of job "PipelineRunner.run_schedule_pipeline (trigger: interval[0:05:00], next run at: 2026-09-06 16:49:53 IST)" skipped: maximum number of running instances reached (1)
Execution of job "PipelineRunner.run_schedule_pipeline (trigger: interval[0:05:00], next run at: 2026-09-06 16:54:53 IST)" skipped: maximum number of running instances reached (1)
Execution of job "PipelineRunner.run_schedule_pipeline (trigger: interval[0:05:00], next run at: 2026-09-06 16:59:53 IST)" skipped: maximum number of running instances reached (1)
Execution of job "PipelineRunner.run_schedule_pipeline (trigger: interval[0:05:00], next run at: 2026-09-06 17:04:53 IST)" skipped: maximum number of running instances reached (1)
Execution of job "PipelineRunner.run_schedule_pipeline (trigger: interval[0:05:00], next run at: 2026-09-06 17:09:53 IST)" skipped: maximum number of running instances reached (1)
Execution of job "PipelineRunner.run_schedule_pipeline (trigger: interval[0:05:00], next run at: 2026-09-06 17:14:53 IST)" skipped: maximum number of running instances reached (1)
Execution of job "PipelineRunner.run_schedule_pipeline (trigger: interval[0:05:00], next run at: 2026-09-06 17:19:53 IST)" skipped: maximum number of running instances reached (1)
Execution of job "PipelineRunner.run_schedule_pipeline (trigger: interval[0:05:00], next run at: 2026-09-06 17:24:53 IST)" skipped: maximum number of running instances reached (1)
Execution of job "PipelineRunner.run_schedule_pipeline (trigger: interval[0:05:00], next run at: 2026-09-06 17:29:53 IST)" skipped: maximum number of running instances reached (1)
Job "run_dso_shared_folder_sync (trigger: cron[hour='17', minute='30'], next run at: 2026-09-07 17:30:00 IST)" raised an exception
Traceback (most recent call last):
  File "D:\RTG-project\.venv\Lib\site-packages\apscheduler\executors\base.py", line 131, in run_job
    retval = job.func(*job.args, **job.kwargs)
  File "D:\RTG-project\backend\scheduler\jobs.py", line 36, in run_dso_shared_folder_sync
    result = sync_dso_report_from_folder(
        report_type=report_type,
        report_date=report_day.isoformat(),
        overwrite=True,
    )
  File "D:\RTG-project\backend\routes\dso_report_routes.py", line 917, in sync_dso_report_from_folder
    source_file = expected_dso_source_file(report_type, report_date)
  File "D:\RTG-project\backend\routes\dso_report_routes.py", line 905, in expected_dso_source_file
    raise FileNotFoundError(
        f"Expected source file was not found in {folder}: {base_name}.xlsx"
    )
FileNotFoundError: Expected source file was not found in \\10.3.95.200\HTTP-Access\ScadaData\DSO_reports: SCHD_ACT_06092026.xlsx
Execution of job "PipelineRunner.run_schedule_pipeline (trigger: interval[0:05:00], next run at: 2026-09-06 17:34:53 IST)" skipped: maximum number of running instances reached (1)
Execution of job "PipelineRunner.run_schedule_pipeline (trigger: interval[0:05:00], next run at: 2026-09-06 17:39:53 IST)" skipped: maximum number of running instances reached (1)
Execution of job "PipelineRunner.run_schedule_pipeline (trigger: interval[0:05:00], next run at: 2026-09-06 17:44:53 IST)" skipped: maximum number of running instances reached (1)
Execution of job "PipelineRunner.run_schedule_pipeline (trigger: interval[0:05:00], next run at: 2026-09-06 17:49:53 IST)" skipped: maximum number of running instances reached (1)
Execution of job "PipelineRunner.run_schedule_pipeline (trigger: interval[0:05:00], next run at: 2026-09-06 17:54:53 IST)" skipped: maximum number of running instances reached (1)
Execution of job "PipelineRunner.run_schedule_pipeline (trigger: interval[0:05:00], next run at: 2026-09-06 17:59:53 IST)" skipped: maximum number of running instances reached (1)
Execution of job "PipelineRunner.run_schedule_pipeline (trigger: interval[0:05:00], next run at: 2026-09-06 18:04:53 IST)" skipped: maximum number of running instances reached (1)
Execution of job "PipelineRunner.run_schedule_pipeline (trigger: interval[0:05:00], next run at: 2026-09-06 18:09:53 IST)" skipped: maximum number of running instances reached (1)
Execution of job "PipelineRunner.run_schedule_pipeline (trigger: interval[0:05:00], next run at: 2026-09-06 18:14:53 IST)" skipped: maximum number of running instances reached (1)
Execution of job "PipelineRunner.run_schedule_pipeline (trigger: interval[0:05:00], next run at: 2026-09-06 18:19:53 IST)" skipped: maximum number of running instances reached (1)
Execution of job "PipelineRunner.run_schedule_pipeline (trigger: interval[0:05:00], next run at: 2026-09-06 18:24:53 IST)" skipped: maximum number of running instances reached (1)
Execution of job "PipelineRunner.run_schedule_pipeline (trigger: interval[0:05:00], next run at: 2026-09-06 18:29:53 IST)" skipped: maximum number of running instances reached (1)
Execution of job "PipelineRunner.run_schedule_pipeline (trigger: interval[0:05:00], next run at: 2026-09-06 18:34:53 IST)" skipped: maximum number of running instances reached (1)
Execution of job "PipelineRunner.run_schedule_pipeline (trigger: interval[0:05:00], next run at: 2026-09-06 18:39:53 IST)" skipped: maximum number of running instances reached (1)
Execution of job "PipelineRunner.run_schedule_pipeline (trigger: interval[0:05:00], next run at: 2026-09-06 18:44:53 IST)" skipped: maximum number of running instances reached (1)
Execution of job "PipelineRunner.run_schedule_pipeline (trigger: interval[0:05:00], next run at: 2026-09-06 18:49:53 IST)" skipped: maximum number of running instances reached (1)
Execution of job "PipelineRunner.run_schedule_pipeline (trigger: interval[0:05:00], next run at: 2026-09-06 18:54:53 IST)" skipped: maximum number of running instances reached (1)
Execution of job "PipelineRunner.run_schedule_pipeline (trigger: interval[0:05:00], next run at: 2026-09-06 18:59:53 IST)" skipped: maximum number of running instances reached (1)
Execution of job "PipelineRunner.run_schedule_pipeline (trigger: interval[0:05:00], next run at: 2026-09-06 19:04:53 IST)" skipped: maximum number of running instances reached (1)
Execution of job "PipelineRunner.run_schedule_pipeline (trigger: interval[0:05:00], next run at: 2026-09-06 19:09:53 IST)" skipped: maximum number of running instances reached (1)
Execution of job "PipelineRunner.run_schedule_pipeline (trigger: interval[0:05:00], next run at: 2026-09-06 19:14:53 IST)" skipped: maximum number of running instances reached (1)
Execution of job "PipelineRunner.run_schedule_pipeline (trigger: interval[0:05:00], next run at: 2026-09-06 19:19:53 IST)" skipped: maximum number of running instances reached (1)
Execution of job "PipelineRunner.run_schedule_pipeline (trigger: interval[0:05:00], next run at: 2026-09-06 19:24:53 IST)" skipped: maximum number of running instances reached (1)
Execution of job "PipelineRunner.run_schedule_pipeline (trigger: interval[0:05:00], next run at: 2026-09-06 19:29:53 IST)" skipped: maximum number of running instances reached (1)
Execution of job "PipelineRunner.run_schedule_pipeline (trigger: interval[0:05:00], next run at: 2026-09-06 19:34:53 IST)" skipped: maximum number of running instances reached (1)
Execution of job "PipelineRunner.run_schedule_pipeline (trigger: interval[0:05:00], next run at: 2026-09-06 19:39:53 IST)" skipped: maximum number of running instances reached (1)
Execution of job "PipelineRunner.run_schedule_pipeline (trigger: interval[0:05:00], next run at: 2026-09-06 19:44:53 IST)" skipped: maximum number of running instances reached (1)
Execution of job "PipelineRunner.run_schedule_pipeline (trigger: interval[0:05:00], next run at: 2026-09-06 19:49:53 IST)" skipped: maximum number of running instances reached (1)
Execution of job "PipelineRunner.run_schedule_pipeline (trigger: interval[0:05:00], next run at: 2026-09-06 19:54:53 IST)" skipped: maximum number of running instances reached (1)
Execution of job "PipelineRunner.run_schedule_pipeline (trigger: interval[0:05:00], next run at: 2026-09-06 19:59:53 IST)" skipped: maximum number of running instances reached (1)
Execution of job "PipelineRunner.run_schedule_pipeline (trigger: interval[0:05:00], next run at: 2026-09-06 20:04:53 IST)" skipped: maximum number of running instances reached (1)
Execution of job "PipelineRunner.run_schedule_pipeline (trigger: interval[0:05:00], next run at: 2026-09-06 20:09:53 IST)" skipped: maximum number of running instances reached (1)
Execution of job "PipelineRunner.run_schedule_pipeline (trigger: interval[0:05:00], next run at: 2026-09-06 20:14:53 IST)" skipped: maximum number of running instances reached (1)
Execution of job "PipelineRunner.run_schedule_pipeline (trigger: interval[0:05:00], next run at: 2026-09-06 20:19:53 IST)" skipped: maximum number of running instances reached (1)
Execution of job "PipelineRunner.run_schedule_pipeline (trigger: interval[0:05:00], next run at: 2026-09-06 20:24:53 IST)" skipped: maximum number of running instances reached (1)
Execution of job "PipelineRunner.run_schedule_pipeline (trigger: interval[0:05:00], next run at: 2026-09-06 20:29:53 IST)" skipped: maximum number of running instances reached (1)
Execution of job "PipelineRunner.run_schedule_pipeline (trigger: interval[0:05:00], next run at: 2026-09-06 20:34:53 IST)" skipped: maximum number of running instances reached (1)
Execution of job "PipelineRunner.run_schedule_pipeline (trigger: interval[0:05:00], next run at: 2026-09-06 20:39:53 IST)" skipped: maximum number of running instances reached (1)
Execution of job "PipelineRunner.run_schedule_pipeline (trigger: interval[0:05:00], next run at: 2026-09-06 20:44:53 IST)" skipped: maximum number of running instances reached (1)
Execution of job "PipelineRunner.run_schedule_pipeline (trigger: interval[0:05:00], next run at: 2026-09-06 20:49:53 IST)" skipped: maximum number of running instances reached (1)
Execution of job "PipelineRunner.run_schedule_pipeline (trigger: interval[0:05:00], next run at: 2026-09-06 20:54:53 IST)" skipped: maximum number of running instances reached (1)
Execution of job "PipelineRunner.run_schedule_pipeline (trigger: interval[0:05:00], next run at: 2026-09-06 20:59:53 IST)" skipped: maximum number of running instances reached (1)
Execution of job "PipelineRunner.run_schedule_pipeline (trigger: interval[0:05:00], next run at: 2026-09-06 21:04:53 IST)" skipped: maximum number of running instances reached (1)
Execution of job "PipelineRunner.run_schedule_pipeline (trigger: interval[0:05:00], next run at: 2026-09-06 21:09:53 IST)" skipped: maximum number of running instances reached (1)
Execution of job "PipelineRunner.run_schedule_pipeline (trigger: interval[0:05:00], next run at: 2026-09-06 21:14:53 IST)" skipped: maximum number of running instances reached (1)
Execution of job "PipelineRunner.run_schedule_pipeline (trigger: interval[0:05:00], next run at: 2026-09-06 21:19:53 IST)" skipped: maximum number of running instances reached (1)
Execution of job "PipelineRunner.run_schedule_pipeline (trigger: interval[0:05:00], next run at: 2026-09-06 21:24:53 IST)" skipped: maximum number of running instances reached (1)
Execution of job "PipelineRunner.run_schedule_pipeline (trigger: interval[0:05:00], next run at: 2026-09-06 21:29:53 IST)" skipped: maximum number of running instances reached (1)
Execution of job "PipelineRunner.run_schedule_pipeline (trigger: interval[0:05:00], next run at: 2026-09-06 21:34:53 IST)" skipped: maximum number of running instances reached (1)
Execution of job "PipelineRunner.run_schedule_pipeline (trigger: interval[0:05:00], next run at: 2026-09-06 21:39:53 IST)" skipped: maximum number of running instances reached (1)
Execution of job "PipelineRunner.run_schedule_pipeline (trigger: interval[0:05:00], next run at: 2026-09-06 21:44:53 IST)" skipped: maximum number of running instances reached (1)
Execution of job "PipelineRunner.run_schedule_pipeline (trigger: interval[0:05:00], next run at: 2026-09-06 21:49:53 IST)" skipped: maximum number of running instances reached (1)
Execution of job "PipelineRunner.run_schedule_pipeline (trigger: interval[0:05:00], next run at: 2026-09-06 21:54:53 IST)" skipped: maximum number of running instances reached (1)
Execution of job "PipelineRunner.run_schedule_pipeline (trigger: interval[0:05:00], next run at: 2026-09-06 21:59:53 IST)" skipped: maximum number of running instances reached (1)
Execution of job "PipelineRunner.run_schedule_pipeline (trigger: interval[0:05:00], next run at: 2026-09-06 22:04:53 IST)" skipped: maximum number of running instances reached (1)
Execution of job "PipelineRunner.run_schedule_pipeline (trigger: interval[0:05:00], next run at: 2026-09-06 22:09:53 IST)" skipped: maximum number of running instances reached (1)
Execution of job "PipelineRunner.run_schedule_pipeline (trigger: interval[0:05:00], next run at: 2026-09-06 22:14:53 IST)" skipped: maximum number of running instances reached (1)
Execution of job "PipelineRunner.run_schedule_pipeline (trigger: interval[0:05:00], next run at: 2026-09-06 22:19:53 IST)" skipped: maximum number of running instances reached (1)
Execution of job "PipelineRunner.run_schedule_pipeline (trigger: interval[0:05:00], next run at: 2026-09-06 22:24:53 IST)" skipped: maximum number of running instances reached (1)
Execution of job "PipelineRunner.run_schedule_pipeline (trigger: interval[0:05:00], next run at: 2026-09-06 22:29:53 IST)" skipped: maximum number of running instances reached (1)
Execution of job "PipelineRunner.run_schedule_pipeline (trigger: interval[0:05:00], next run at: 2026-09-06 22:34:53 IST)" skipped: maximum number of running instances reached (1)
Execution of job "PipelineRunner.run_schedule_pipeline (trigger: interval[0:05:00], next run at: 2026-09-06 22:39:53 IST)" skipped: maximum number of running instances reached (1)
Execution of job "PipelineRunner.run_schedule_pipeline (trigger: interval[0:05:00], next run at: 2026-09-06 22:44:53 IST)" skipped: maximum number of running instances reached (1)
Execution of job "PipelineRunner.run_schedule_pipeline (trigger: interval[0:05:00], next run at: 2026-09-06 22:49:53 IST)" skipped: maximum number of running instances reached (1)
Execution of job "PipelineRunner.run_schedule_pipeline (trigger: interval[0:05:00], next run at: 2026-09-06 22:54:53 IST)" skipped: maximum number of running instances reached (1)
Execution of job "PipelineRunner.run_schedule_pipeline (trigger: interval[0:05:00], next run at: 2026-09-06 22:59:53 IST)" skipped: maximum number of running instances reached (1)
Execution of job "PipelineRunner.run_schedule_pipeline (trigger: interval[0:05:00], next run at: 2026-09-06 23:04:53 IST)" skipped: maximum number of running instances reached (1)
Execution of job "PipelineRunner.run_schedule_pipeline (trigger: interval[0:05:00], next run at: 2026-09-06 23:09:53 IST)" skipped: maximum number of running instances reached (1)
Execution of job "PipelineRunner.run_schedule_pipeline (trigger: interval[0:05:00], next run at: 2026-09-06 23:14:53 IST)" skipped: maximum number of running instances reached (1)
Execution of job "PipelineRunner.run_schedule_pipeline (trigger: interval[0:05:00], next run at: 2026-09-06 23:19:53 IST)" skipped: maximum number of running instances reached (1)
Execution of job "PipelineRunner.run_schedule_pipeline (trigger: interval[0:05:00], next run at: 2026-09-06 23:24:53 IST)" skipped: maximum number of running instances reached (1)
Execution of job "PipelineRunner.run_schedule_pipeline (trigger: interval[0:05:00], next run at: 2026-09-06 23:29:53 IST)" skipped: maximum number of running instances reached (1)
Execution of job "PipelineRunner.run_schedule_pipeline (trigger: interval[0:05:00], next run at: 2026-09-06 23:34:53 IST)" skipped: maximum number of running instances reached (1)
Execution of job "PipelineRunner.run_schedule_pipeline (trigger: interval[0:05:00], next run at: 2026-09-06 23:39:53 IST)" skipped: maximum number of running instances reached (1)
Execution of job "PipelineRunner.run_schedule_pipeline (trigger: interval[0:05:00], next run at: 2026-09-06 23:44:53 IST)" skipped: maximum number of running instances reached (1)
Execution of job "PipelineRunner.run_schedule_pipeline (trigger: interval[0:05:00], next run at: 2026-09-06 23:49:53 IST)" skipped: maximum number of running instances reached (1)
Execution of job "PipelineRunner.run_schedule_pipeline (trigger: interval[0:05:00], next run at: 2026-09-06 23:54:53 IST)" skipped: maximum number of running instances reached (1)
Execution of job "PipelineRunner.run_schedule_pipeline (trigger: interval[0:05:00], next run at: 2026-09-06 23:59:53 IST)" skipped: maximum number of running instances reached (1)
Execution of job "PipelineRunner.run_schedule_pipeline (trigger: interval[0:05:00], next run at: 2026-09-07 00:04:53 IST)" skipped: maximum number of running instances reached (1)
Execution of job "PipelineRunner.run_schedule_pipeline (trigger: interval[0:05:00], next run at: 2026-09-07 00:09:53 IST)" skipped: maximum number of running instances reached (1)
Execution of job "PipelineRunner.run_schedule_pipeline (trigger: interval[0:05:00], next run at: 2026-09-07 00:14:53 IST)" skipped: maximum number of running instances reached (1)
Execution of job "PipelineRunner.run_schedule_pipeline (trigger: interval[0:05:00], next run at: 2026-09-07 00:19:53 IST)" skipped: maximum number of running instances reached (1)
Execution of job "PipelineRunner.run_schedule_pipeline (trigger: interval[0:05:00], next run at: 2026-09-07 00:24:53 IST)" skipped: maximum number of running instances reached (1)
Execution of job "PipelineRunner.run_schedule_pipeline (trigger: interval[0:05:00], next run at: 2026-09-07 00:29:53 IST)" skipped: maximum number of running instances reached (1)
Execution of job "PipelineRunner.run_schedule_pipeline (trigger: interval[0:05:00], next run at: 2026-09-07 00:34:53 IST)" skipped: maximum number of running instances reached (1)
Execution of job "PipelineRunner.run_schedule_pipeline (trigger: interval[0:05:00], next run at: 2026-09-07 00:39:53 IST)" skipped: maximum number of running instances reached (1)
Execution of job "PipelineRunner.run_schedule_pipeline (trigger: interval[0:05:00], next run at: 2026-09-07 00:44:53 IST)" skipped: maximum number of running instances reached (1)
Execution of job "PipelineRunner.run_schedule_pipeline (trigger: interval[0:05:00], next run at: 2026-09-07 00:49:53 IST)" skipped: maximum number of running instances reached (1)
Execution of job "PipelineRunner.run_schedule_pipeline (trigger: interval[0:05:00], next run at: 2026-09-07 00:54:53 IST)" skipped: maximum number of running instances reached (1)
Execution of job "PipelineRunner.run_schedule_pipeline (trigger: interval[0:05:00], next run at: 2026-09-07 00:59:53 IST)" skipped: maximum number of running instances reached (1)
Execution of job "PipelineRunner.run_schedule_pipeline (trigger: interval[0:05:00], next run at: 2026-09-07 01:04:53 IST)" skipped: maximum number of running instances reached (1)
Execution of job "PipelineRunner.run_schedule_pipeline (trigger: interval[0:05:00], next run at: 2026-09-07 01:09:53 IST)" skipped: maximum number of running instances reached (1)
Execution of job "PipelineRunner.run_schedule_pipeline (trigger: interval[0:05:00], next run at: 2026-09-07 01:14:53 IST)" skipped: maximum number of running instances reached (1)
Execution of job "PipelineRunner.run_schedule_pipeline (trigger: interval[0:05:00], next run at: 2026-09-07 01:19:53 IST)" skipped: maximum number of running instances reached (1)
Execution of job "PipelineRunner.run_schedule_pipeline (trigger: interval[0:05:00], next run at: 2026-09-07 01:24:53 IST)" skipped: maximum number of running instances reached (1)
Execution of job "PipelineRunner.run_schedule_pipeline (trigger: interval[0:05:00], next run at: 2026-09-07 01:29:53 IST)" skipped: maximum number of running instances reached (1)
Execution of job "PipelineRunner.run_schedule_pipeline (trigger: interval[0:05:00], next run at: 2026-09-07 01:34:53 IST)" skipped: maximum number of running instances reached (1)
Execution of job "PipelineRunner.run_schedule_pipeline (trigger: interval[0:05:00], next run at: 2026-09-07 01:39:53 IST)" skipped: maximum number of running instances reached (1)
Execution of job "PipelineRunner.run_schedule_pipeline (trigger: interval[0:05:00], next run at: 2026-09-07 01:44:53 IST)" skipped: maximum number of running instances reached (1)
Execution of job "PipelineRunner.run_schedule_pipeline (trigger: interval[0:05:00], next run at: 2026-09-07 01:49:53 IST)" skipped: maximum number of running instances reached (1)
Execution of job "PipelineRunner.run_schedule_pipeline (trigger: interval[0:05:00], next run at: 2026-09-07 01:54:53 IST)" skipped: maximum number of running instances reached (1)
Execution of job "PipelineRunner.run_schedule_pipeline (trigger: interval[0:05:00], next run at: 2026-09-07 01:59:53 IST)" skipped: maximum number of running instances reached (1)
Execution of job "PipelineRunner.run_schedule_pipeline (trigger: interval[0:05:00], next run at: 2026-09-07 02:04:53 IST)" skipped: maximum number of running instances reached (1)
Execution of job "PipelineRunner.run_schedule_pipeline (trigger: interval[0:05:00], next run at: 2026-09-07 02:09:53 IST)" skipped: maximum number of running instances reached (1)
Execution of job "PipelineRunner.run_schedule_pipeline (trigger: interval[0:05:00], next run at: 2026-09-07 02:14:53 IST)" skipped: maximum number of running instances reached (1)
Execution of job "PipelineRunner.run_schedule_pipeline (trigger: interval[0:05:00], next run at: 2026-09-07 02:19:53 IST)" skipped: maximum number of running instances reached (1)
Execution of job "PipelineRunner.run_schedule_pipeline (trigger: interval[0:05:00], next run at: 2026-09-07 02:24:53 IST)" skipped: maximum number of running instances reached (1)
Execution of job "PipelineRunner.run_schedule_pipeline (trigger: interval[0:05:00], next run at: 2026-09-07 02:29:53 IST)" skipped: maximum number of running instances reached (1)
Job "sync_employee_directory_to_atlas (trigger: cron[hour='2', minute='30'], next run at: 2026-09-08 02:30:00 IST)" raised an exception
Traceback (most recent call last):
  File "D:\RTG-project\.venv\Lib\site-packages\apscheduler\executors\base.py", line 131, in run_job
    retval = job.func(*job.args, **job.kwargs)
  File "D:\RTG-project\backend\crew_legacy\admin_logic\atlas_sync.py", line 71, in sync_employee_directory_to_atlas
    _mirror_collection(name, dry_run=dry_run)
    ~~~~~~~~~~~~~~~~~~^^^^^^^^^^^^^^^^^^^^^^^
  File "D:\RTG-project\backend\crew_legacy\admin_logic\atlas_sync.py", line 48, in _mirror_collection
    "targetCountBefore": target.count_documents({}),
                         ~~~~~~~~~~~~~~~~~~~~~~^^^^
  File "D:\RTG-project\.venv\Lib\site-packages\pymongo\synchronous\collection.py", line 2162, in count_documents
    return self._retryable_non_cursor_read(_cmd, session, _Op.COUNT)
           ~~~~~~~~~~~~~~~~~~~~~~~~~~~~~~~^^^^^^^^^^^^^^^^^^^^^^^^^^
  File "D:\RTG-project\.venv\Lib\site-packages\pymongo\synchronous\collection.py", line 2176, in _retryable_non_cursor_read
    return client._retryable_read(func, self._read_preference_for(s), s, operation)
           ~~~~~~~~~~~~~~~~~~~~~~^^^^^^^^^^^^^^^^^^^^^^^^^^^^^^^^^^^^^^^^^^^^^^^^^^
  File "D:\RTG-project\.venv\Lib\site-packages\pymongo\synchronous\mongo_client.py", line 2076, in _retryable_read
    return self._retry_internal(
           ~~~~~~~~~~~~~~~~~~~~^
        func,
        ^^^^^
    ...<9 lines>...
        is_aggregate_write=is_aggregate_write,
        ^^^^^^^^^^^^^^^^^^^^^^^^^^^^^^^^^^^^^^
    )
    ^
  File "D:\RTG-project\.venv\Lib\site-packages\pymongo\_csot.py", line 125, in csot_wrapper
    return func(self, *args, **kwargs)
  File "D:\RTG-project\.venv\Lib\site-packages\pymongo\synchronous\mongo_client.py", line 2038, in _retry_internal
    ).run()
      ~~~^^
  File "D:\RTG-project\.venv\Lib\site-packages\pymongo\synchronous\mongo_client.py", line 2811, in run
    res = self._read() if self._is_read else self._write()
          ~~~~~~~~~~^^
  File "D:\RTG-project\.venv\Lib\site-packages\pymongo\synchronous\mongo_client.py", line 3027, in _read
    self._server = self._get_server()
                   ~~~~~~~~~~~~~~~~^^
  File "D:\RTG-project\.venv\Lib\site-packages\pymongo\synchronous\mongo_client.py", line 2975, in _get_server
    return self._client._select_server(
           ~~~~~~~~~~~~~~~~~~~~~~~~~~~^
        self._server_selector,
        ^^^^^^^^^^^^^^^^^^^^^^
    ...<4 lines>...
        operation_id=self._operation_id,
        ^^^^^^^^^^^^^^^^^^^^^^^^^^^^^^^^
    )
    ^
  File "D:\RTG-project\.venv\Lib\site-packages\pymongo\synchronous\mongo_client.py", line 1851, in _select_server
    server = topology.select_server(
        server_selector,
    ...<2 lines>...
        operation_id=operation_id,
    )
  File "D:\RTG-project\.venv\Lib\site-packages\pymongo\synchronous\topology.py", line 428, in select_server
    server = self._select_server(
        selector,
    ...<4 lines>...
        operation_id=operation_id,
    )
  File "D:\RTG-project\.venv\Lib\site-packages\pymongo\synchronous\topology.py", line 402, in _select_server
    servers = self.select_servers(
        selector,
    ...<4 lines>...
        deprioritized_servers,
    )
  File "D:\RTG-project\.venv\Lib\site-packages\pymongo\synchronous\topology.py", line 298, in select_servers
    server_descriptions = self._select_servers_loop(
        selector,
    ...<4 lines>...
        deprioritized_servers=deprioritized_servers,
    )
  File "D:\RTG-project\.venv\Lib\site-packages\pymongo\synchronous\topology.py", line 359, in _select_servers_loop
    raise ServerSelectionTimeoutError(
        f"{self._error_message(selector)}, Timeout: {timeout}s, Topology Description: {self.description!r}"
    )
pymongo.errors.ServerSelectionTimeoutError: ac-o8rxgtb-shard-00-00.kudznxl.mongodb.net:27017: timed out (configured timeouts: socketTimeoutMS: 20000.0ms, connectTimeoutMS: 20000.0ms),ac-o8rxgtb-shard-00-01.kudznxl.mongodb.net:27017: timed out (configured timeouts: socketTimeoutMS: 20000.0ms, connectTimeoutMS: 20000.0ms),ac-o8rxgtb-shard-00-02.kudznxl.mongodb.net:27017: timed out (configured timeouts: socketTimeoutMS: 20000.0ms, connectTimeoutMS: 20000.0ms), Timeout: 10.0s, Topology Description: <TopologyDescription id: 6a9967135b60afc29d61d34e, topology_type: ReplicaSetNoPrimary, servers: [<ServerDescription ('ac-o8rxgtb-shard-00-00.kudznxl.mongodb.net', 27017) server_type: Unknown, rtt: None, error=NetworkTimeout('ac-o8rxgtb-shard-00-00.kudznxl.mongodb.net:27017: timed out (configured timeouts: socketTimeoutMS: 20000.0ms, connectTimeoutMS: 20000.0ms)')>, <ServerDescription ('ac-o8rxgtb-shard-00-01.kudznxl.mongodb.net', 27017) server_type: Unknown, rtt: None, error=NetworkTimeout('ac-o8rxgtb-shard-00-01.kudznxl.mongodb.net:27017: timed out (configured timeouts: socketTimeoutMS: 20000.0ms, connectTimeoutMS: 20000.0ms)')>, <ServerDescription ('ac-o8rxgtb-shard-00-02.kudznxl.mongodb.net', 27017) server_type: Unknown, rtt: None, error=NetworkTimeout('ac-o8rxgtb-shard-00-02.kudznxl.mongodb.net:27017: timed out (configured timeouts: socketTimeoutMS: 20000.0ms, connectTimeoutMS: 20000.0ms)')>]>
Execution of job "PipelineRunner.run_schedule_pipeline (trigger: interval[0:05:00], next run at: 2026-09-07 02:34:53 IST)" skipped: maximum number of running instances reached (1)
Execution of job "PipelineRunner.run_schedule_pipeline (trigger: interval[0:05:00], next run at: 2026-09-07 02:39:53 IST)" skipped: maximum number of running instances reached (1)
Execution of job "PipelineRunner.run_schedule_pipeline (trigger: interval[0:05:00], next run at: 2026-09-07 02:44:53 IST)" skipped: maximum number of running instances reached (1)
Execution of job "PipelineRunner.run_schedule_pipeline (trigger: interval[0:05:00], next run at: 2026-09-07 02:49:53 IST)" skipped: maximum number of running instances reached (1)
Execution of job "PipelineRunner.run_schedule_pipeline (trigger: interval[0:05:00], next run at: 2026-09-07 02:54:53 IST)" skipped: maximum number of running instances reached (1)
Execution of job "PipelineRunner.run_schedule_pipeline (trigger: interval[0:05:00], next run at: 2026-09-07 02:59:53 IST)" skipped: maximum number of running instances reached (1)
Execution of job "PipelineRunner.run_schedule_pipeline (trigger: interval[0:05:00], next run at: 2026-09-07 03:04:53 IST)" skipped: maximum number of running instances reached (1)
Execution of job "PipelineRunner.run_schedule_pipeline (trigger: interval[0:05:00], next run at: 2026-09-07 03:09:53 IST)" skipped: maximum number of running instances reached (1)
Execution of job "PipelineRunner.run_schedule_pipeline (trigger: interval[0:05:00], next run at: 2026-09-07 03:14:53 IST)" skipped: maximum number of running instances reached (1)
Execution of job "PipelineRunner.run_schedule_pipeline (trigger: interval[0:05:00], next run at: 2026-09-07 03:19:53 IST)" skipped: maximum number of running instances reached (1)
Execution of job "PipelineRunner.run_schedule_pipeline (trigger: interval[0:05:00], next run at: 2026-09-07 03:24:53 IST)" skipped: maximum number of running instances reached (1)
Execution of job "PipelineRunner.run_schedule_pipeline (trigger: interval[0:05:00], next run at: 2026-09-07 03:29:53 IST)" skipped: maximum number of running instances reached (1)
Execution of job "PipelineRunner.run_schedule_pipeline (trigger: interval[0:05:00], next run at: 2026-09-07 03:34:53 IST)" skipped: maximum number of running instances reached (1)
Execution of job "PipelineRunner.run_schedule_pipeline (trigger: interval[0:05:00], next run at: 2026-09-07 03:39:53 IST)" skipped: maximum number of running instances reached (1)
Execution of job "PipelineRunner.run_schedule_pipeline (trigger: interval[0:05:00], next run at: 2026-09-07 03:44:53 IST)" skipped: maximum number of running instances reached (1)
Execution of job "PipelineRunner.run_schedule_pipeline (trigger: interval[0:05:00], next run at: 2026-09-07 03:49:53 IST)" skipped: maximum number of running instances reached (1)
Execution of job "PipelineRunner.run_schedule_pipeline (trigger: interval[0:05:00], next run at: 2026-09-07 03:54:53 IST)" skipped: maximum number of running instances reached (1)
Execution of job "PipelineRunner.run_schedule_pipeline (trigger: interval[0:05:00], next run at: 2026-09-07 03:59:53 IST)" skipped: maximum number of running instances reached (1)
Execution of job "PipelineRunner.run_schedule_pipeline (trigger: interval[0:05:00], next run at: 2026-09-07 04:04:53 IST)" skipped: maximum number of running instances reached (1)
Execution of job "PipelineRunner.run_schedule_pipeline (trigger: interval[0:05:00], next run at: 2026-09-07 04:09:53 IST)" skipped: maximum number of running instances reached (1)
Execution of job "PipelineRunner.run_schedule_pipeline (trigger: interval[0:05:00], next run at: 2026-09-07 04:14:53 IST)" skipped: maximum number of running instances reached (1)
Execution of job "PipelineRunner.run_schedule_pipeline (trigger: interval[0:05:00], next run at: 2026-09-07 04:19:53 IST)" skipped: maximum number of running instances reached (1)
Execution of job "PipelineRunner.run_schedule_pipeline (trigger: interval[0:05:00], next run at: 2026-09-07 04:24:53 IST)" skipped: maximum number of running instances reached (1)
Execution of job "PipelineRunner.run_schedule_pipeline (trigger: interval[0:05:00], next run at: 2026-09-07 04:29:53 IST)" skipped: maximum number of running instances reached (1)
Execution of job "PipelineRunner.run_schedule_pipeline (trigger: interval[0:05:00], next run at: 2026-09-07 04:34:53 IST)" skipped: maximum number of running instances reached (1)
Execution of job "PipelineRunner.run_schedule_pipeline (trigger: interval[0:05:00], next run at: 2026-09-07 04:39:53 IST)" skipped: maximum number of running instances reached (1)
Execution of job "PipelineRunner.run_schedule_pipeline (trigger: interval[0:05:00], next run at: 2026-09-07 04:44:53 IST)" skipped: maximum number of running instances reached (1)
Execution of job "PipelineRunner.run_schedule_pipeline (trigger: interval[0:05:00], next run at: 2026-09-07 04:49:53 IST)" skipped: maximum number of running instances reached (1)
Execution of job "PipelineRunner.run_schedule_pipeline (trigger: interval[0:05:00], next run at: 2026-09-07 04:54:53 IST)" skipped: maximum number of running instances reached (1)
Execution of job "PipelineRunner.run_schedule_pipeline (trigger: interval[0:05:00], next run at: 2026-09-07 04:59:53 IST)" skipped: maximum number of running instances reached (1)
Execution of job "PipelineRunner.run_schedule_pipeline (trigger: interval[0:05:00], next run at: 2026-09-07 05:04:53 IST)" skipped: maximum number of running instances reached (1)
Execution of job "PipelineRunner.run_schedule_pipeline (trigger: interval[0:05:00], next run at: 2026-09-07 05:09:53 IST)" skipped: maximum number of running instances reached (1)
Execution of job "PipelineRunner.run_schedule_pipeline (trigger: interval[0:05:00], next run at: 2026-09-07 05:14:53 IST)" skipped: maximum number of running instances reached (1)
Execution of job "PipelineRunner.run_schedule_pipeline (trigger: interval[0:05:00], next run at: 2026-09-07 05:19:53 IST)" skipped: maximum number of running instances reached (1)
Execution of job "PipelineRunner.run_schedule_pipeline (trigger: interval[0:05:00], next run at: 2026-09-07 05:24:53 IST)" skipped: maximum number of running instances reached (1)
Execution of job "PipelineRunner.run_schedule_pipeline (trigger: interval[0:05:00], next run at: 2026-09-07 05:29:53 IST)" skipped: maximum number of running instances reached (1)
Execution of job "PipelineRunner.run_schedule_pipeline (trigger: interval[0:05:00], next run at: 2026-09-07 05:34:53 IST)" skipped: maximum number of running instances reached (1)
Execution of job "PipelineRunner.run_schedule_pipeline (trigger: interval[0:05:00], next run at: 2026-09-07 05:39:53 IST)" skipped: maximum number of running instances reached (1)
Execution of job "PipelineRunner.run_schedule_pipeline (trigger: interval[0:05:00], next run at: 2026-09-07 05:44:53 IST)" skipped: maximum number of running instances reached (1)
Execution of job "PipelineRunner.run_schedule_pipeline (trigger: interval[0:05:00], next run at: 2026-09-07 05:49:53 IST)" skipped: maximum number of running instances reached (1)
Execution of job "PipelineRunner.run_schedule_pipeline (trigger: interval[0:05:00], next run at: 2026-09-07 05:54:53 IST)" skipped: maximum number of running instances reached (1)
Execution of job "PipelineRunner.run_schedule_pipeline (trigger: interval[0:05:00], next run at: 2026-09-07 05:59:53 IST)" skipped: maximum number of running instances reached (1)
Execution of job "PipelineRunner.run_schedule_pipeline (trigger: interval[0:05:00], next run at: 2026-09-07 06:04:53 IST)" skipped: maximum number of running instances reached (1)
Execution of job "PipelineRunner.run_schedule_pipeline (trigger: interval[0:05:00], next run at: 2026-09-07 06:09:53 IST)" skipped: maximum number of running instances reached (1)
Execution of job "PipelineRunner.run_schedule_pipeline (trigger: interval[0:05:00], next run at: 2026-09-07 06:14:53 IST)" skipped: maximum number of running instances reached (1)
Execution of job "PipelineRunner.run_schedule_pipeline (trigger: interval[0:05:00], next run at: 2026-09-07 06:19:53 IST)" skipped: maximum number of running instances reached (1)
Execution of job "PipelineRunner.run_schedule_pipeline (trigger: interval[0:05:00], next run at: 2026-09-07 06:24:53 IST)" skipped: maximum number of running instances reached (1)
Execution of job "PipelineRunner.run_schedule_pipeline (trigger: interval[0:05:00], next run at: 2026-09-07 06:29:53 IST)" skipped: maximum number of running instances reached (1)
Execution of job "PipelineRunner.run_schedule_pipeline (trigger: interval[0:05:00], next run at: 2026-09-07 06:34:53 IST)" skipped: maximum number of running instances reached (1)
Execution of job "PipelineRunner.run_schedule_pipeline (trigger: interval[0:05:00], next run at: 2026-09-07 06:39:53 IST)" skipped: maximum number of running instances reached (1)
Execution of job "PipelineRunner.run_schedule_pipeline (trigger: interval[0:05:00], next run at: 2026-09-07 06:44:53 IST)" skipped: maximum number of running instances reached (1)
Execution of job "PipelineRunner.run_schedule_pipeline (trigger: interval[0:05:00], next run at: 2026-09-07 06:49:53 IST)" skipped: maximum number of running instances reached (1)
Execution of job "PipelineRunner.run_schedule_pipeline (trigger: interval[0:05:00], next run at: 2026-09-07 06:54:53 IST)" skipped: maximum number of running instances reached (1)
Execution of job "PipelineRunner.run_schedule_pipeline (trigger: interval[0:05:00], next run at: 2026-09-07 06:59:53 IST)" skipped: maximum number of running instances reached (1)
Execution of job "PipelineRunner.run_schedule_pipeline (trigger: interval[0:05:00], next run at: 2026-09-07 07:04:53 IST)" skipped: maximum number of running instances reached (1)
Execution of job "PipelineRunner.run_schedule_pipeline (trigger: interval[0:05:00], next run at: 2026-09-07 07:09:53 IST)" skipped: maximum number of running instances reached (1)
Execution of job "PipelineRunner.run_schedule_pipeline (trigger: interval[0:05:00], next run at: 2026-09-07 07:14:53 IST)" skipped: maximum number of running instances reached (1)
Execution of job "PipelineRunner.run_schedule_pipeline (trigger: interval[0:05:00], next run at: 2026-09-07 07:19:53 IST)" skipped: maximum number of running instances reached (1)
Execution of job "PipelineRunner.run_schedule_pipeline (trigger: interval[0:05:00], next run at: 2026-09-07 07:24:53 IST)" skipped: maximum number of running instances reached (1)
Execution of job "PipelineRunner.run_schedule_pipeline (trigger: interval[0:05:00], next run at: 2026-09-07 07:29:53 IST)" skipped: maximum number of running instances reached (1)
Job "run_dso_shared_folder_sync (trigger: cron[hour='7', minute='30'], next run at: 2026-09-08 07:30:00 IST)" raised an exception
Traceback (most recent call last):
  File "D:\RTG-project\.venv\Lib\site-packages\apscheduler\executors\base.py", line 131, in run_job
    retval = job.func(*job.args, **job.kwargs)
  File "D:\RTG-project\backend\scheduler\jobs.py", line 36, in run_dso_shared_folder_sync
    result = sync_dso_report_from_folder(
        report_type=report_type,
        report_date=report_day.isoformat(),
        overwrite=True,
    )
  File "D:\RTG-project\backend\routes\dso_report_routes.py", line 917, in sync_dso_report_from_folder
    source_file = expected_dso_source_file(report_type, report_date)
  File "D:\RTG-project\backend\routes\dso_report_routes.py", line 905, in expected_dso_source_file
    raise FileNotFoundError(
        f"Expected source file was not found in {folder}: {base_name}.xlsx"
    )
FileNotFoundError: Expected source file was not found in \\10.3.95.200\HTTP-Access\ScadaData\DSO_reports: DSO_Morning_report_07092026.xlsx
Execution of job "PipelineRunner.run_schedule_pipeline (trigger: interval[0:05:00], next run at: 2026-09-07 07:34:53 IST)" skipped: maximum number of running instances reached (1)
Execution of job "PipelineRunner.run_schedule_pipeline (trigger: interval[0:05:00], next run at: 2026-09-07 07:39:53 IST)" skipped: maximum number of running instances reached (1)
Execution of job "PipelineRunner.run_schedule_pipeline (trigger: interval[0:05:00], next run at: 2026-09-07 07:44:53 IST)" skipped: maximum number of running instances reached (1)
Execution of job "PipelineRunner.run_schedule_pipeline (trigger: interval[0:05:00], next run at: 2026-09-07 07:49:53 IST)" skipped: maximum number of running instances reached (1)
Execution of job "PipelineRunner.run_schedule_pipeline (trigger: interval[0:05:00], next run at: 2026-09-07 07:54:53 IST)" skipped: maximum number of running instances reached (1)
Execution of job "PipelineRunner.run_schedule_pipeline (trigger: interval[0:05:00], next run at: 2026-09-07 07:59:53 IST)" skipped: maximum number of running instances reached (1)
Execution of job "PipelineRunner.run_schedule_pipeline (trigger: interval[0:05:00], next run at: 2026-09-07 08:04:53 IST)" skipped: maximum number of running instances reached (1)
Execution of job "PipelineRunner.run_schedule_pipeline (trigger: interval[0:05:00], next run at: 2026-09-07 08:09:53 IST)" skipped: maximum number of running instances reached (1)
Execution of job "PipelineRunner.run_schedule_pipeline (trigger: interval[0:05:00], next run at: 2026-09-07 08:14:53 IST)" skipped: maximum number of running instances reached (1)
Execution of job "PipelineRunner.run_schedule_pipeline (trigger: interval[0:05:00], next run at: 2026-09-07 08:19:53 IST)" skipped: maximum number of running instances reached (1)
Execution of job "PipelineRunner.run_schedule_pipeline (trigger: interval[0:05:00], next run at: 2026-09-07 08:24:53 IST)" skipped: maximum number of running instances reached (1)
Execution of job "PipelineRunner.run_schedule_pipeline (trigger: interval[0:05:00], next run at: 2026-09-07 08:29:53 IST)" skipped: maximum number of running instances reached (1)
Execution of job "PipelineRunner.run_schedule_pipeline (trigger: interval[0:05:00], next run at: 2026-09-07 08:34:53 IST)" skipped: maximum number of running instances reached (1)
Execution of job "PipelineRunner.run_schedule_pipeline (trigger: interval[0:05:00], next run at: 2026-09-07 08:39:53 IST)" skipped: maximum number of running instances reached (1)
Execution of job "PipelineRunner.run_schedule_pipeline (trigger: interval[0:05:00], next run at: 2026-09-07 08:44:53 IST)" skipped: maximum number of running instances reached (1)
Execution of job "PipelineRunner.run_schedule_pipeline (trigger: interval[0:05:00], next run at: 2026-09-07 08:49:53 IST)" skipped: maximum number of running instances reached (1)
Execution of job "PipelineRunner.run_schedule_pipeline (trigger: interval[0:05:00], next run at: 2026-09-07 08:54:53 IST)" skipped: maximum number of running instances reached (1)
Execution of job "PipelineRunner.run_schedule_pipeline (trigger: interval[0:05:00], next run at: 2026-09-07 08:59:53 IST)" skipped: maximum number of running instances reached (1)
Execution of job "PipelineRunner.run_schedule_pipeline (trigger: interval[0:05:00], next run at: 2026-09-07 09:04:53 IST)" skipped: maximum number of running instances reached (1)
Execution of job "PipelineRunner.run_schedule_pipeline (trigger: interval[0:05:00], next run at: 2026-09-07 09:09:53 IST)" skipped: maximum number of running instances reached (1)
Execution of job "PipelineRunner.run_schedule_pipeline (trigger: interval[0:05:00], next run at: 2026-09-07 09:14:53 IST)" skipped: maximum number of running instances reached (1)
Execution of job "PipelineRunner.run_schedule_pipeline (trigger: interval[0:05:00], next run at: 2026-09-07 09:19:53 IST)" skipped: maximum number of running instances reached (1)
Execution of job "PipelineRunner.run_schedule_pipeline (trigger: interval[0:05:00], next run at: 2026-09-07 09:24:53 IST)" skipped: maximum number of running instances reached (1)
Execution of job "PipelineRunner.run_schedule_pipeline (trigger: interval[0:05:00], next run at: 2026-09-07 09:29:53 IST)" skipped: maximum number of running instances reached (1)
Execution of job "PipelineRunner.run_schedule_pipeline (trigger: interval[0:05:00], next run at: 2026-09-07 09:34:53 IST)" skipped: maximum number of running instances reached (1)
Execution of job "PipelineRunner.run_schedule_pipeline (trigger: interval[0:05:00], next run at: 2026-09-07 09:39:53 IST)" skipped: maximum number of running instances reached (1)
Execution of job "PipelineRunner.run_schedule_pipeline (trigger: interval[0:05:00], next run at: 2026-09-07 09:44:53 IST)" skipped: maximum number of running instances reached (1)
Execution of job "PipelineRunner.run_schedule_pipeline (trigger: interval[0:05:00], next run at: 2026-09-07 09:49:53 IST)" skipped: maximum number of running instances reached (1)
Execution of job "PipelineRunner.run_schedule_pipeline (trigger: interval[0:05:00], next run at: 2026-09-07 09:54:53 IST)" skipped: maximum number of running instances reached (1)
Execution of job "PipelineRunner.run_schedule_pipeline (trigger: interval[0:05:00], next run at: 2026-09-07 09:59:53 IST)" skipped: maximum number of running instances reached (1)
Execution of job "PipelineRunner.run_schedule_pipeline (trigger: interval[0:05:00], next run at: 2026-09-07 10:04:53 IST)" skipped: maximum number of running instances reached (1)
Execution of job "PipelineRunner.run_schedule_pipeline (trigger: interval[0:05:00], next run at: 2026-09-07 10:09:53 IST)" skipped: maximum number of running instances reached (1)
Execution of job "PipelineRunner.run_schedule_pipeline (trigger: interval[0:05:00], next run at: 2026-09-07 10:14:53 IST)" skipped: maximum number of running instances reached (1)
Traceback (most recent call last):
  File "D:\RTG-project\.venv\Lib\site-packages\urllib3\connection.py", line 204, in _new_conn
    sock = connection.create_connection(
        (self._dns_host, self.port),
    ...<2 lines>...
        socket_options=self.socket_options,
    )
  File "D:\RTG-project\.venv\Lib\site-packages\urllib3\util\connection.py", line 85, in create_connection
    raise err
  File "D:\RTG-project\.venv\Lib\site-packages\urllib3\util\connection.py", line 73, in create_connection
    sock.connect(sa)
    ~~~~~~~~~~~~^^^^
TimeoutError: [WinError 10060] A connection attempt failed because the connected party did not properly respond after a period of time, or established connection failed because connected host has failed to respond

The above exception was the direct cause of the following exception:

Traceback (most recent call last):
  File "D:\RTG-project\.venv\Lib\site-packages\urllib3\connectionpool.py", line 788, in urlopen
    response = self._make_request(
        conn,
    ...<10 lines>...
        **response_kw,
    )
  File "D:\RTG-project\.venv\Lib\site-packages\urllib3\connectionpool.py", line 488, in _make_request
    raise new_e
  File "D:\RTG-project\.venv\Lib\site-packages\urllib3\connectionpool.py", line 464, in _make_request
    self._validate_conn(conn)
    ~~~~~~~~~~~~~~~~~~~^^^^^^
  File "D:\RTG-project\.venv\Lib\site-packages\urllib3\connectionpool.py", line 1106, in _validate_conn
    conn.connect()
    ~~~~~~~~~~~~^^
  File "D:\RTG-project\.venv\Lib\site-packages\urllib3\connection.py", line 759, in connect
    self.sock = sock = self._new_conn()
                       ~~~~~~~~~~~~~~^^
  File "D:\RTG-project\.venv\Lib\site-packages\urllib3\connection.py", line 213, in _new_conn
    raise ConnectTimeoutError(
    ...<2 lines>...
    ) from e
urllib3.exceptions.ConnectTimeoutError: (<HTTPSConnection(host='reporting.grid-india.in', port=443) at 0x22d946ece10>, 'Connection to reporting.grid-india.in timed out. (connect timeout=90)')

The above exception was the direct cause of the following exception:

Traceback (most recent call last):
  File "D:\RTG-project\.venv\Lib\site-packages\requests\adapters.py", line 696, in send
    resp = conn.urlopen(
        method=request.method,
    ...<9 lines>...
        chunked=chunked,
    )
  File "D:\RTG-project\.venv\Lib\site-packages\urllib3\connectionpool.py", line 842, in urlopen
    retries = retries.increment(
        method, url, error=new_e, _pool=self, _stacktrace=sys.exc_info()[2]
    )
  File "D:\RTG-project\.venv\Lib\site-packages\urllib3\util\retry.py", line 543, in increment
    raise MaxRetryError(_pool, url, reason) from reason  # type: ignore[arg-type]
    ^^^^^^^^^^^^^^^^^^^^^^^^^^^^^^^^^^^^^^^^^^^^^^^^^^^
urllib3.exceptions.MaxRetryError: HTTPSConnectionPool(host='reporting.grid-india.in', port=443): Max retries exceeded with url: /Reporting_API/API/NLDCReport/GetMaxDemandMetTimeDataByDate/06-09-2026 (Caused by ConnectTimeoutError(<HTTPSConnection(host='reporting.grid-india.in', port=443) at 0x22d946ece10>, 'Connection to reporting.grid-india.in timed out. (connect timeout=90)'))

During handling of the above exception, another exception occurred:

Traceback (most recent call last):
  File "D:\RTG-project\backend\routes\psp_routes.py", line 668, in sync_nldc_demand_date
    return PSPService.fetch_and_save_nldc_demand_date(dt)
           ~~~~~~~~~~~~~~~~~~~~~~~~~~~~~~~~~~~~~~~~~~^^^^
  File "D:\RTG-project\backend\services\psp_service.py", line 168, in fetch_and_save_nldc_demand_date
    response = session.get(
        url,
    ...<5 lines>...
        }
    )
  File "D:\RTG-project\.venv\Lib\site-packages\requests\sessions.py", line 671, in get
    return self.request("GET", url, params=params, **kwargs)
           ~~~~~~~~~~~~^^^^^^^^^^^^^^^^^^^^^^^^^^^^^^^^^^^^^
  File "D:\RTG-project\.venv\Lib\site-packages\requests\sessions.py", line 651, in request
    resp = self.send(prep, **send_kwargs)
  File "D:\RTG-project\.venv\Lib\site-packages\requests\sessions.py", line 805, in send
    history = [resp for resp in gen]
                                ^^^
  File "D:\RTG-project\.venv\Lib\site-packages\requests\sessions.py", line 292, in resolve_redirects
    resp = self.send(
        req,
    ...<6 lines>...
        **adapter_kwargs,
    )
  File "D:\RTG-project\.venv\Lib\site-packages\requests\sessions.py", line 784, in send
    r = adapter.send(request, **kwargs)
  File "D:\RTG-project\.venv\Lib\site-packages\requests\adapters.py", line 717, in send
    raise ConnectTimeout(e, request=request)
requests.exceptions.ConnectTimeout: HTTPSConnectionPool(host='reporting.grid-india.in', port=443): Max retries exceeded with url: /Reporting_API/API/NLDCReport/GetMaxDemandMetTimeDataByDate/06-09-2026 (Caused by ConnectTimeoutError(<HTTPSConnection(host='reporting.grid-india.in', port=443) at 0x22d946ece10>, 'Connection to reporting.grid-india.in timed out. (connect timeout=90)'))
